timestamp,actual,pred_rf
2013-12-18 05:00:00,5.545,6.784390000000001
2013-12-18 06:00:00,12.552,7.1674099999999985
2013-12-18 07:00:00,13.082,11.901864999999997
2013-12-18 08:00:00,19.054,10.03987
2013-12-18 09:00:00,7.159,13.195994999999996
2013-12-18 10:00:00,9.281,8.163489999999996
2013-12-18 11:00:00,5.182,8.422735000000012
2013-12-18 12:00:00,10.549,10.949769999999994
2013-12-18 13:00:00,8.733,10.645994999999992
2013-12-18 14:00:00,15.447,6.773475000000001
2013-12-18 15:00:00,8.671,11.33037499999999
2013-12-18 16:00:00,7.134,7.021190000000002
2013-12-18 17:00:00,10.968,7.7961500000000035
2013-12-18 18:00:00,6.188,8.298700000000007
2013-12-18 19:00:00,5.122,15.55487
2013-12-18 20:00:00,13.782,10.285245000000002
2013-12-18 21:00:00,7.966,11.303454999999994
2013-12-18 22:00:00,11.567,7.737009999999998
2013-12-18 23:00:00,4.484,9.102219999999996
2013-12-19 00:00:00,4.622,8.925219999999996
2013-12-19 01:00:00,9.203,14.525305000000003
2013-12-19 02:00:00,11.423,9.982009999999992
2013-12-19 03:00:00,5.777,9.890039999999992
2013-12-19 04:00:00,9.257,8.197289999999995
2013-12-19 05:00:00,6.683,9.531665000000004
2013-12-19 06:00:00,14.321,10.861764999999997
2013-12-19 07:00:00,18.846,11.210784999999998
2013-12-19 08:00:00,5.778,15.17246500000001
2013-12-19 09:00:00,16.06,7.40992
2013-12-19 10:00:00,9.078,13.497464999999993
2013-12-19 11:00:00,9.783,6.133495000000002
2013-12-19 12:00:00,6.537,11.105364999999992
2013-12-19 13:00:00,10.335,9.590199999999994
2013-12-19 14:00:00,9.922,14.676519999999996
2013-12-19 15:00:00,8.432,8.629559999999993
2013-12-19 16:00:00,6.159,7.153185
2013-12-19 17:00:00,4.0,9.515509999999995
2013-12-19 18:00:00,7.861,8.430960000000004
2013-12-19 19:00:00,16.002,7.228024999999999
2013-12-19 20:00:00,7.889,11.833760000000007
2013-12-19 21:00:00,10.391,8.205639999999995
2013-12-19 22:00:00,5.586,8.842380000000006
2013-12-19 23:00:00,4.0,7.840695000000002
2013-12-20 00:00:00,21.5,7.973605000000007
2013-12-20 01:00:00,13.339,14.575320000000001
2013-12-20 02:00:00,14.019,9.570550000000004
2013-12-20 03:00:00,7.525,8.710554999999994
2013-12-20 04:00:00,4.0,6.598995000000001
2013-12-20 05:00:00,6.137,7.143225000000004
2013-12-20 06:00:00,12.627,10.4185
2013-12-20 07:00:00,10.954,15.84738000000001
2013-12-20 08:00:00,19.29,9.767279999999998
2013-12-20 09:00:00,6.484,11.280584999999997
2013-12-20 10:00:00,7.461,8.213199999999993
2013-12-20 11:00:00,14.899,8.005560000000004
2013-12-20 12:00:00,9.531,12.831400000000006
2013-12-20 13:00:00,18.896,10.399384999999988
2013-12-20 14:00:00,11.041,14.04186499999999
2013-12-20 15:00:00,11.682,8.502335000000006
2013-12-20 16:00:00,6.81,9.057000000000006
2013-12-20 17:00:00,5.743,5.791205
2013-12-20 18:00:00,7.255,9.156485000000005
2013-12-20 19:00:00,11.708,13.636334999999997
2013-12-20 20:00:00,17.78,9.959900000000008
2013-12-20 21:00:00,7.322,12.085285000000004
2013-12-20 22:00:00,5.402,8.351925
2013-12-20 23:00:00,11.238,6.463185000000001
2013-12-21 00:00:00,5.896,14.394889999999998
2013-12-21 01:00:00,15.257,12.850575000000006
2013-12-21 02:00:00,5.941,13.831995000000004
2013-12-21 03:00:00,5.413,9.866749999999994
2013-12-21 04:00:00,4.001,6.470964999999996
2013-12-21 05:00:00,6.982,8.324920000000002
2013-12-21 06:00:00,4.436,12.716635000000013
2013-12-21 07:00:00,15.999,10.384849999999995
2013-12-21 08:00:00,11.711,16.819019999999995
2013-12-21 09:00:00,10.644,8.800224999999992
2013-12-21 10:00:00,10.092,8.747629999999996
2013-12-21 11:00:00,7.012,12.069440000000009
2013-12-21 12:00:00,5.829,8.81138
2013-12-21 13:00:00,10.179,12.859865000000008
2013-12-21 14:00:00,17.466,10.894095000000002
2013-12-21 15:00:00,5.856,12.95784
2013-12-21 16:00:00,12.272,9.656149999999995
2013-12-21 17:00:00,9.968,8.268990000000008
2013-12-21 18:00:00,9.22,10.499320000000004
2013-12-21 19:00:00,13.514,10.687429999999992
2013-12-21 20:00:00,8.206,16.381705000000007
2013-12-21 21:00:00,11.622,10.07637
2013-12-21 22:00:00,8.293,8.500840000000006
2013-12-21 23:00:00,5.441,7.657799999999994
2013-12-22 00:00:00,14.11,8.565945000000003
2013-12-22 01:00:00,11.759,14.286004999999996
2013-12-22 02:00:00,5.386,10.308949999999992
2013-12-22 03:00:00,8.736,9.408885
2013-12-22 04:00:00,15.274,7.904339999999996
2013-12-22 05:00:00,6.516,10.920520000000005
2013-12-22 06:00:00,14.578,8.302945000000001
2013-12-22 07:00:00,6.484,15.59435000000001
2013-12-22 08:00:00,8.492,10.094904999999997
2013-12-22 09:00:00,4.0,10.112675
2013-12-22 10:00:00,5.014,9.050235
2013-12-22 11:00:00,9.167,8.117995000000002
2013-12-22 12:00:00,8.122,7.7895300000000045
2013-12-22 13:00:00,4.625,9.146639999999987
2013-12-22 14:00:00,5.515,13.467654999999993
2013-12-22 15:00:00,12.971,7.6281500000000015
2013-12-22 16:00:00,9.475,10.498400000000009
2013-12-22 17:00:00,15.561,9.428819999999988
2013-12-22 18:00:00,9.125,12.51245
2013-12-22 19:00:00,15.497,10.405054999999999
2013-12-22 20:00:00,18.788,12.84933500000001
2013-12-22 21:00:00,5.008,12.78639
2013-12-22 22:00:00,8.661,7.645174999999998
2013-12-22 23:00:00,4.0,6.8572450000000025
2013-12-23 00:00:00,11.661,9.068640000000006
2013-12-23 01:00:00,13.872,11.399075000000007
2013-12-23 02:00:00,11.073,7.617785000000002
2013-12-23 03:00:00,6.354,9.267789999999998
2013-12-23 04:00:00,9.719,10.521410000000008
2013-12-23 05:00:00,9.735,9.482354999999995
2013-12-23 06:00:00,5.031,9.516884999999995
2013-12-23 07:00:00,7.819,8.097834999999993
2013-12-23 08:00:00,8.955,9.837590000000004
2013-12-23 09:00:00,8.587,7.885870000000004
2013-12-23 10:00:00,6.493,7.258469999999997
2013-12-23 11:00:00,5.978,9.305554999999996
2013-12-23 12:00:00,5.95,10.608084999999996
2013-12-23 13:00:00,4.263,8.694154999999997
2013-12-23 14:00:00,14.596,9.587969999999999
2013-12-23 15:00:00,15.116,13.586325000000004
2013-12-23 16:00:00,6.306,9.962149999999996
2013-12-23 17:00:00,5.396,11.921775000000002
2013-12-23 18:00:00,11.068,9.956659999999998
2013-12-23 19:00:00,17.356,16.352350000000005
2013-12-23 20:00:00,15.41,18.258125
2013-12-23 21:00:00,9.494,9.918445000000006
2013-12-23 22:00:00,11.253,10.774274999999994
2013-12-23 23:00:00,4.0,8.826630000000009
2013-12-24 00:00:00,11.52,9.244594999999995
2013-12-24 01:00:00,12.704,13.178780000000016
2013-12-24 02:00:00,10.847,10.860640000000004
2013-12-24 03:00:00,14.099,10.859994999999993
2013-12-24 04:00:00,5.371,11.132409999999995
2013-12-24 05:00:00,12.133,9.469709999999997
2013-12-24 06:00:00,10.226,9.271925000000001
2013-12-24 07:00:00,15.633,11.410414999999995
2013-12-24 08:00:00,5.304,14.80965999999999
2013-12-24 09:00:00,7.947,9.297160000000007
2013-12-24 10:00:00,4.0,7.899755000000002
2013-12-24 11:00:00,13.571,8.098090000000006
2013-12-24 12:00:00,8.578,9.89752
2013-12-24 13:00:00,8.382,7.850980000000001
2013-12-24 14:00:00,11.522,12.986770000000003
2013-12-24 15:00:00,11.936,11.410259999999994
2013-12-24 16:00:00,4.445,10.007774999999995
2013-12-24 17:00:00,4.0,7.015869999999998
2013-12-24 18:00:00,10.132,10.076274999999999
2013-12-24 19:00:00,16.959,14.48585500000001
2013-12-24 20:00:00,4.204,14.220359999999998
2013-12-24 21:00:00,5.853,7.148710000000001
2013-12-24 22:00:00,5.274,8.517574999999992
2013-12-24 23:00:00,14.943,6.15469
2013-12-25 00:00:00,5.517,13.947709999999995
2013-12-25 01:00:00,12.781,10.760350000000008
2013-12-25 02:00:00,13.586,10.739075
2013-12-25 03:00:00,9.214,11.324265000000002
2013-12-25 04:00:00,8.162,8.03635
2013-12-25 05:00:00,11.391,9.120920000000003
2013-12-25 06:00:00,6.824,11.373264999999995
2013-12-25 07:00:00,10.818,11.272065000000005
2013-12-25 08:00:00,16.599,9.31179
2013-12-25 09:00:00,5.018,12.134550000000004
2013-12-25 10:00:00,6.775,6.041425000000001
2013-12-25 11:00:00,8.575,9.494125000000004
2013-12-25 12:00:00,8.26,7.2673749999999995
2013-12-25 13:00:00,12.311,8.805325
2013-12-25 14:00:00,13.353,10.608839999999988
2013-12-25 15:00:00,12.509,10.049079999999998
2013-12-25 16:00:00,4.0,5.456880000000004
2013-12-25 17:00:00,14.521,6.849829999999997
2013-12-25 18:00:00,5.347,11.443695000000007
2013-12-25 19:00:00,10.805,9.627409999999992
2013-12-25 20:00:00,10.061,7.491224999999999
2013-12-25 21:00:00,7.138,7.001714999999998
2013-12-25 22:00:00,5.864,6.816125000000003
2013-12-25 23:00:00,4.0,12.485219999999995
2013-12-26 00:00:00,10.811,7.2653550000000084
2013-12-26 01:00:00,15.977,13.294070000000001
2013-12-26 02:00:00,14.478,12.313880000000008
2013-12-26 03:00:00,7.685,9.718155000000003
2013-12-26 04:00:00,10.335,7.207649999999997
2013-12-26 05:00:00,11.485,9.532585000000005
2013-12-26 06:00:00,14.91,10.645759999999996
2013-12-26 07:00:00,11.576,11.438474999999999
2013-12-26 08:00:00,7.204,13.386965
2013-12-26 09:00:00,14.487,6.10966
2013-12-26 10:00:00,8.422,11.012769999999994
2013-12-26 11:00:00,6.934,8.085179999999992
2013-12-26 12:00:00,9.367,7.763474999999996
2013-12-26 13:00:00,6.957,9.740749999999997
2013-12-26 14:00:00,7.836,10.942140000000004
2013-12-26 15:00:00,5.844,9.945394999999996
2013-12-26 16:00:00,5.656,6.812259999999993
2013-12-26 17:00:00,11.703,10.740629999999989
2013-12-26 18:00:00,20.549,7.281849999999997
2013-12-26 19:00:00,15.465,12.607850000000003
2013-12-26 20:00:00,12.26,13.38323
2013-12-26 21:00:00,15.217,8.689414999999997
2013-12-26 22:00:00,5.141,9.080075
2013-12-26 23:00:00,5.554,5.997375000000001
2013-12-27 00:00:00,6.686,9.41329
2013-12-27 01:00:00,10.263,13.262789999999987
2013-12-27 02:00:00,12.914,12.34246500000001
2013-12-27 03:00:00,12.832,9.848389999999995
2013-12-27 04:00:00,10.718,11.842040000000004
2013-12-27 05:00:00,5.799,9.95603
2013-12-27 06:00:00,9.558,12.010975
2013-12-27 07:00:00,10.941,9.927564999999996
2013-12-27 08:00:00,12.546,8.953895
2013-12-27 09:00:00,10.658,15.560549999999996
2013-12-27 10:00:00,5.66,7.790455000000001
2013-12-27 11:00:00,5.062,9.526889999999995
2013-12-27 12:00:00,17.882,9.793499999999998
2013-12-27 13:00:00,11.633,13.199435000000005
2013-12-27 14:00:00,16.438,9.375650000000002
2013-12-27 15:00:00,17.5,9.829180000000006
2013-12-27 16:00:00,12.281,9.059970000000018
2013-12-27 17:00:00,5.758,10.220469999999999
2013-12-27 18:00:00,14.437,12.26285
2013-12-27 19:00:00,11.179,16.448169999999983
2013-12-27 20:00:00,13.373,10.226894999999997
2013-12-27 21:00:00,8.896,11.643044999999995
2013-12-27 22:00:00,4.0,6.741059999999999
2013-12-27 23:00:00,8.325,8.021590000000002
2013-12-28 00:00:00,10.121,9.56842999999999
2013-12-28 01:00:00,16.474,10.429134999999999
2013-12-28 02:00:00,7.618,14.717800000000006
2013-12-28 03:00:00,6.086,12.039435000000008
2013-12-28 04:00:00,10.499,9.362195000000007
2013-12-28 05:00:00,5.082,7.951990000000002
2013-12-28 06:00:00,7.949,7.401159999999997
2013-12-28 07:00:00,9.36,9.691170000000003
2013-12-28 08:00:00,7.449,9.848649999999997
2013-12-28 09:00:00,10.09,9.392354999999998
2013-12-28 10:00:00,13.925,7.091995000000004
2013-12-28 11:00:00,11.175,6.831915
2013-12-28 12:00:00,11.505,15.152665000000013
2013-12-28 13:00:00,10.485,9.636174999999994
2013-12-28 14:00:00,9.946,16.01763000000001
2013-12-28 15:00:00,4.048,13.962900000000007
2013-12-28 16:00:00,5.988,9.002869999999996
2013-12-28 17:00:00,5.427,7.057480000000006
2013-12-28 18:00:00,10.888,8.609614999999994
2013-12-28 19:00:00,13.034,9.867725
2013-12-28 20:00:00,8.099,10.07103
2013-12-28 21:00:00,10.601,8.682249999999994
2013-12-28 22:00:00,4.828,7.117679999999999
2013-12-28 23:00:00,7.304,5.74377
2013-12-29 00:00:00,12.694,9.813130000000013
2013-12-29 01:00:00,11.166,13.784119999999998
2013-12-29 02:00:00,9.49,10.158090000000009
2013-12-29 03:00:00,9.045,10.945175
2013-12-29 04:00:00,11.695,9.78399500000001
2013-12-29 05:00:00,5.123,7.717389999999997
2013-12-29 06:00:00,10.052,7.67617
2013-12-29 07:00:00,6.957,9.940659999999998
2013-12-29 08:00:00,9.754,8.732350000000004
2013-12-29 09:00:00,8.548,9.504330000000005
2013-12-29 10:00:00,7.839,9.997684999999993
2013-12-29 11:00:00,5.302,9.489089999999992
2013-12-29 12:00:00,13.113,10.794115000000003
2013-12-29 13:00:00,14.524,11.825380000000003
2013-12-29 14:00:00,8.147,14.350330000000001
2013-12-29 15:00:00,6.53,7.212465000000005
2013-12-29 16:00:00,11.724,9.819995000000002
2013-12-29 17:00:00,4.0,6.9456999999999995
2013-12-29 18:00:00,11.471,9.791934999999999
2013-12-29 19:00:00,4.491,10.477449999999997
2013-12-29 20:00:00,7.521,9.025005000000002
2013-12-29 21:00:00,5.486,10.432054999999986
2013-12-29 22:00:00,6.424,7.009635000000004
2013-12-29 23:00:00,9.584,6.587124999999998
2013-12-30 00:00:00,9.694,12.046634999999998
2013-12-30 01:00:00,13.966,10.552624999999994
2013-12-30 02:00:00,14.07,13.129530000000006
2013-12-30 03:00:00,8.712,12.480464999999997
2013-12-30 04:00:00,4.0,9.816605
2013-12-30 05:00:00,5.652,7.138949999999998
2013-12-30 06:00:00,11.158,9.348069999999995
2013-12-30 07:00:00,6.523,9.90757
2013-12-30 08:00:00,14.754,10.042910000000004
2013-12-30 09:00:00,7.671,10.689044999999995
2013-12-30 10:00:00,10.692,8.5221
2013-12-30 11:00:00,6.011,9.62111000000001
2013-12-30 12:00:00,9.474,13.188970000000001
2013-12-30 13:00:00,16.527,13.774359999999996
2013-12-30 14:00:00,12.548,11.557319999999999
2013-12-30 15:00:00,12.523,10.42107
2013-12-30 16:00:00,10.177,11.272830000000004
2013-12-30 17:00:00,6.726,6.2126949999999965
2013-12-30 18:00:00,12.055,10.119005000000005
2013-12-30 19:00:00,20.604,7.76541500000001
2013-12-30 20:00:00,7.966,13.603955
2013-12-30 21:00:00,9.84,7.60627
2013-12-30 22:00:00,12.485,8.687700000000001
2013-12-30 23:00:00,8.036,9.56217
2013-12-31 00:00:00,12.356,9.513085000000004
2013-12-31 01:00:00,15.423,11.168379999999999
2013-12-31 02:00:00,6.726,11.778040000000003
2013-12-31 03:00:00,10.139,9.769589999999999
2013-12-31 04:00:00,7.742,7.322050000000002
2013-12-31 05:00:00,5.403,7.586675000000007
2013-12-31 06:00:00,9.222,10.370334999999997
2013-12-31 07:00:00,13.782,10.210175000000007
2013-12-31 08:00:00,15.887,14.28398000000001
2013-12-31 09:00:00,5.952,10.442805000000003
2013-12-31 10:00:00,5.39,10.529484999999998
2013-12-31 11:00:00,4.397,8.813805000000004
2013-12-31 12:00:00,7.98,9.622270000000004
2013-12-31 13:00:00,9.412,13.912080000000005
2013-12-31 14:00:00,11.335,9.843604999999998
2013-12-31 15:00:00,8.797,10.286135
2013-12-31 16:00:00,4.881,9.241249999999994
2013-12-31 17:00:00,8.317,8.705720000000008
2013-12-31 18:00:00,10.096,10.849690000000011
2013-12-31 19:00:00,12.587,17.153030000000008
2013-12-31 20:00:00,8.23,11.165090000000003
2013-12-31 21:00:00,13.384,8.359894999999995
2013-12-31 22:00:00,4.335,9.365765000000001
2013-12-31 23:00:00,12.78,6.3620549999999945
2014-01-01 00:00:00,6.552,12.312440000000008
2014-01-01 01:00:00,14.794,10.720905
2014-01-01 02:00:00,5.885,13.194279999999992
2014-01-01 03:00:00,6.346,8.263760000000008
2014-01-01 04:00:00,9.461,7.66696
2014-01-01 05:00:00,7.166,10.342435000000005
2014-01-01 06:00:00,5.052,9.605774999999992
2014-01-01 07:00:00,15.614,8.649804999999994
2014-01-01 08:00:00,12.239,13.26126500000001
2014-01-01 09:00:00,19.56,9.204974999999996
2014-01-01 10:00:00,6.978,11.626870000000004
2014-01-01 11:00:00,9.808,6.927234999999995
2014-01-01 12:00:00,7.652,9.446339999999992
2014-01-01 13:00:00,17.251,10.63015
2014-01-01 14:00:00,14.406,12.546804999999992
2014-01-01 15:00:00,10.846,11.18576499999999
2014-01-01 16:00:00,11.59,8.351155000000007
2014-01-01 17:00:00,4.951,10.71868
2014-01-01 18:00:00,8.847,10.659794999999997
2014-01-01 19:00:00,15.211,11.940870000000002
2014-01-01 20:00:00,9.15,12.241589999999995
2014-01-01 21:00:00,10.904,10.887799999999995
2014-01-01 22:00:00,9.317,8.117955000000004
2014-01-01 23:00:00,4.213,8.256069999999989
2014-01-02 00:00:00,9.168,9.007735000000002
2014-01-02 01:00:00,15.211,11.862635000000001
2014-01-02 02:00:00,6.975,11.549654999999998
2014-01-02 03:00:00,5.528,9.336984999999997
2014-01-02 04:00:00,9.645,8.637374999999997
2014-01-02 05:00:00,7.03,9.139584999999995
2014-01-02 06:00:00,7.232,8.685935000000002
2014-01-02 07:00:00,8.056,10.155999999999999
2014-01-02 08:00:00,15.418,9.471950000000005
2014-01-02 09:00:00,5.549,15.8675
2014-01-02 10:00:00,4.867,7.938285000000004
2014-01-02 11:00:00,12.057,8.56790500000001
2014-01-02 12:00:00,13.829,8.389730000000002
2014-01-02 13:00:00,9.622,16.177595000000007
2014-01-02 14:00:00,12.816,12.833414999999992
2014-01-02 15:00:00,9.034,12.097364999999998
2014-01-02 16:00:00,7.083,10.000689999999993
2014-01-02 17:00:00,5.41,5.925424999999997
2014-01-02 18:00:00,10.176,8.805760000000001
2014-01-02 19:00:00,16.534,14.039905
2014-01-02 20:00:00,15.246,14.045520000000002
2014-01-02 21:00:00,9.259,11.974690000000002
2014-01-02 22:00:00,5.732,6.884730000000008
2014-01-02 23:00:00,12.691,7.1889249999999985
2014-01-03 00:00:00,7.549,9.992474999999992
2014-01-03 01:00:00,12.964,11.35351000000001
2014-01-03 02:00:00,16.285,9.470799999999995
2014-01-03 03:00:00,10.483,9.300415000000006
2014-01-03 04:00:00,10.005,9.472779999999993
2014-01-03 05:00:00,6.016,9.170174999999995
2014-01-03 06:00:00,5.8,10.43454
2014-01-03 07:00:00,12.787,9.490004999999998
2014-01-03 08:00:00,15.858,12.768675000000004
2014-01-03 09:00:00,13.93,8.749100000000006
2014-01-03 10:00:00,15.007,7.203695000000002
2014-01-03 11:00:00,7.216,11.412134999999992
2014-01-03 12:00:00,11.659,11.755365000000008
2014-01-03 13:00:00,9.441,10.210685000000002
2014-01-03 14:00:00,5.816,13.459075000000006
2014-01-03 15:00:00,7.207,8.768629999999991
2014-01-03 16:00:00,9.032,7.822305000000001
2014-01-03 17:00:00,5.501,7.668174999999995
2014-01-03 18:00:00,5.925,8.75004499999999
2014-01-03 19:00:00,15.639,12.107805000000006
2014-01-03 20:00:00,17.538,15.08588
2014-01-03 21:00:00,10.057,11.701650000000004
2014-01-03 22:00:00,5.615,8.150005000000004
2014-01-03 23:00:00,5.013,8.405604999999989
2014-01-04 00:00:00,11.718,8.603984999999993
2014-01-04 01:00:00,8.387,13.292505000000007
2014-01-04 02:00:00,11.658,12.918600000000001
2014-01-04 03:00:00,9.803,11.442719999999992
2014-01-04 04:00:00,10.32,9.28616999999999
2014-01-04 05:00:00,4.957,9.399279999999994
2014-01-04 06:00:00,17.326,8.523010000000005
2014-01-04 07:00:00,7.883,13.040840000000005
2014-01-04 08:00:00,12.648,11.69825500000001
2014-01-04 09:00:00,8.783,12.666609999999993
2014-01-04 10:00:00,9.502,11.989155000000004
2014-01-04 11:00:00,5.609,8.144470000000005
2014-01-04 12:00:00,8.032,10.26846999999999
2014-01-04 13:00:00,10.606,9.44025
2014-01-04 14:00:00,13.081,7.723230000000002
2014-01-04 15:00:00,4.806,10.177665000000003
2014-01-04 16:00:00,8.718,7.9946349999999935
2014-01-04 17:00:00,11.85,6.883424999999996
2014-01-04 18:00:00,8.558,9.067779999999999
2014-01-04 19:00:00,16.527,10.901475
2014-01-04 20:00:00,4.794,14.646199999999997
2014-01-04 21:00:00,7.421,8.737439999999994
2014-01-04 22:00:00,13.921,7.269049999999998
2014-01-04 23:00:00,5.653,6.530379999999997
2014-01-05 00:00:00,6.761,9.15708
2014-01-05 01:00:00,21.5,9.551575000000009
2014-01-05 02:00:00,13.032,15.065630000000006
2014-01-05 03:00:00,14.462,9.25658
2014-01-05 04:00:00,6.417,8.324415000000002
2014-01-05 05:00:00,5.748,6.203045000000002
2014-01-05 06:00:00,6.689,11.214730000000001
2014-01-05 07:00:00,13.674,8.967070000000009
2014-01-05 08:00:00,18.265,12.02328
2014-01-05 09:00:00,15.742,13.471155
2014-01-05 10:00:00,11.792,11.724984999999998
2014-01-05 11:00:00,5.741,6.980870000000002
2014-01-05 12:00:00,11.48,8.55177
2014-01-05 13:00:00,13.592,11.407480000000003
2014-01-05 14:00:00,13.423,12.533265000000002
2014-01-05 15:00:00,16.937,7.199240000000008
2014-01-05 16:00:00,5.485,11.536414999999995
2014-01-05 17:00:00,4.0,10.497344999999996
2014-01-05 18:00:00,5.284,9.335150000000006
2014-01-05 19:00:00,14.543,11.767845000000001
2014-01-05 20:00:00,13.169,9.871390000000003
2014-01-05 21:00:00,5.114,9.556935
2014-01-05 22:00:00,8.5,9.089149999999993
2014-01-05 23:00:00,7.3,7.9080500000000065
2014-01-06 00:00:00,13.581,12.307675
2014-01-06 01:00:00,7.619,17.478710000000003
2014-01-06 02:00:00,10.03,12.705229999999997
2014-01-06 03:00:00,7.423,11.546180000000007
2014-01-06 04:00:00,4.0,9.192565
2014-01-06 05:00:00,4.713,7.801125000000009
2014-01-06 06:00:00,4.697,9.546555
2014-01-06 07:00:00,6.536,11.244865000000004
2014-01-06 08:00:00,10.777,15.441000000000006
2014-01-06 09:00:00,6.865,13.331280000000003
2014-01-06 10:00:00,5.04,10.472359999999998
2014-01-06 11:00:00,13.363,8.28014
2014-01-06 12:00:00,6.378,10.729874999999998
2014-01-06 13:00:00,12.582,13.433160000000008
2014-01-06 14:00:00,20.392,14.715950000000014
2014-01-06 15:00:00,7.895,15.696510000000005
2014-01-06 16:00:00,8.073,7.31233
2014-01-06 17:00:00,5.21,7.0713300000000014
2014-01-06 18:00:00,11.66,9.483615
2014-01-06 19:00:00,18.781,15.739324999999994
2014-01-06 20:00:00,11.229,16.699170000000002
2014-01-06 21:00:00,11.471,7.84368000000001
2014-01-06 22:00:00,8.534,9.08038
2014-01-06 23:00:00,5.372,8.125309999999999
2014-01-07 00:00:00,12.423,10.696050000000003
2014-01-07 01:00:00,16.706,9.867950000000006
2014-01-07 02:00:00,7.767,15.076495000000007
2014-01-07 03:00:00,11.041,8.142795000000008
2014-01-07 04:00:00,12.789,6.990825000000004
2014-01-07 05:00:00,6.85,9.474855000000005
2014-01-07 06:00:00,9.933,8.054209999999998
2014-01-07 07:00:00,8.252,9.840535000000001
2014-01-07 08:00:00,6.474,9.315705000000003
2014-01-07 09:00:00,9.165,8.944980000000001
2014-01-07 10:00:00,6.083,6.738854999999997
2014-01-07 11:00:00,4.0,10.949449999999999
2014-01-07 12:00:00,7.385,8.690345000000004
2014-01-07 13:00:00,5.57,12.916799999999999
2014-01-07 14:00:00,10.584,13.766864999999994
2014-01-07 15:00:00,7.359,9.734620000000001
2014-01-07 16:00:00,13.785,8.339625000000003
2014-01-07 17:00:00,7.479,6.7868749999999975
2014-01-07 18:00:00,6.86,9.933784999999991
2014-01-07 19:00:00,15.885,13.804279999999999
2014-01-07 20:00:00,8.89,14.315295000000006
2014-01-07 21:00:00,9.189,8.579109999999991
2014-01-07 22:00:00,5.72,6.517109999999999
2014-01-07 23:00:00,11.848,8.398775
2014-01-08 00:00:00,4.0,11.794260000000007
2014-01-08 01:00:00,14.826,9.979959999999982
2014-01-08 02:00:00,12.788,13.570184999999983
2014-01-08 03:00:00,6.431,12.283505000000012
2014-01-08 04:00:00,4.948,10.04463500000001
2014-01-08 05:00:00,5.381,7.065315000000001
2014-01-08 06:00:00,10.961,8.709180000000002
2014-01-08 07:00:00,19.214,12.083724999999998
2014-01-08 08:00:00,6.895,13.426070000000008
2014-01-08 09:00:00,10.71,9.627739999999994
2014-01-08 10:00:00,4.293,11.114909999999995
2014-01-08 11:00:00,9.314,5.536445000000002
2014-01-08 12:00:00,13.888,7.98497
2014-01-08 13:00:00,11.044,6.736579999999998
2014-01-08 14:00:00,13.225,10.782375000000004
2014-01-08 15:00:00,10.233,9.099719999999998
2014-01-08 16:00:00,13.775,12.18463
2014-01-08 17:00:00,5.996,10.116349999999995
2014-01-08 18:00:00,10.106,11.573879999999992
2014-01-08 19:00:00,11.863,13.85248999999999
2014-01-08 20:00:00,13.285,9.555700000000005
2014-01-08 21:00:00,6.285,8.649749999999996
2014-01-08 22:00:00,7.902,7.10172
2014-01-08 23:00:00,4.679,8.982089999999998
2014-01-09 00:00:00,9.362,7.583419999999998
2014-01-09 01:00:00,4.964,11.189755000000007
2014-01-09 02:00:00,13.831,11.972395000000004
2014-01-09 03:00:00,5.617,10.671194999999988
2014-01-09 04:00:00,8.653,7.023155000000003
2014-01-09 05:00:00,5.965,8.37967
2014-01-09 06:00:00,8.835,10.909725000000002
2014-01-09 07:00:00,9.145,16.099095000000005
2014-01-09 08:00:00,9.107,9.384790000000002
2014-01-09 09:00:00,14.609,10.749640000000001
2014-01-09 10:00:00,12.101,9.40084000000001
2014-01-09 11:00:00,17.127,9.204759999999995
2014-01-09 12:00:00,11.15,12.479489999999993
2014-01-09 13:00:00,12.456,11.183289999999992
2014-01-09 14:00:00,11.552,12.358649999999995
2014-01-09 15:00:00,7.28,10.826484999999996
2014-01-09 16:00:00,9.753,11.550710000000008
2014-01-09 17:00:00,9.088,10.264610000000005
2014-01-09 18:00:00,12.097,9.884044999999997
2014-01-09 19:00:00,9.099,10.744295000000005
2014-01-09 20:00:00,19.45,10.164469999999996
2014-01-09 21:00:00,12.207,13.958174999999994
2014-01-09 22:00:00,4.0,6.737969999999995
2014-01-09 23:00:00,6.941,8.037080000000008
2014-01-10 00:00:00,4.438,9.110495000000004
2014-01-10 01:00:00,8.512,7.318500000000012
2014-01-10 02:00:00,12.763,9.649650000000007
2014-01-10 03:00:00,7.278,7.788645000000002
2014-01-10 04:00:00,7.346,7.22918
2014-01-10 05:00:00,13.977,8.244130000000002
2014-01-10 06:00:00,5.141,9.699559999999995
2014-01-10 07:00:00,14.356,9.147674999999994
2014-01-10 08:00:00,9.688,12.575205000000004
2014-01-10 09:00:00,9.496,10.181919999999996
2014-01-10 10:00:00,4.0,8.219005
2014-01-10 11:00:00,5.688,12.010610000000009
2014-01-10 12:00:00,18.272,11.361654999999995
2014-01-10 13:00:00,12.313,13.431065
2014-01-10 14:00:00,9.636,10.077350000000001
2014-01-10 15:00:00,12.348,8.800800000000006
2014-01-10 16:00:00,11.471,11.386315000000003
2014-01-10 17:00:00,5.979,8.486029999999998
2014-01-10 18:00:00,13.361,10.221679999999997
2014-01-10 19:00:00,14.333,9.495659999999996
2014-01-10 20:00:00,11.941,18.455015000000007
2014-01-10 21:00:00,5.363,9.454934999999999
2014-01-10 22:00:00,5.797,6.492690000000001
2014-01-10 23:00:00,4.0,6.359595
2014-01-11 00:00:00,5.271,8.941325000000003
2014-01-11 01:00:00,7.587,8.339395000000005
2014-01-11 02:00:00,13.745,10.438795000000004
2014-01-11 03:00:00,13.377,11.399399999999996
2014-01-11 04:00:00,7.182,9.773844999999993
2014-01-11 05:00:00,6.886,11.075589999999995
2014-01-11 06:00:00,7.268,9.123535000000002
2014-01-11 07:00:00,8.064,11.806164999999998
2014-01-11 08:00:00,16.91,9.007099999999996
2014-01-11 09:00:00,5.737,14.219729999999997
2014-01-11 10:00:00,5.657,6.269925
2014-01-11 11:00:00,6.947,7.204805000000001
2014-01-11 12:00:00,9.618,14.057194999999995
2014-01-11 13:00:00,10.62,10.31904999999999
2014-01-11 14:00:00,14.218,10.264679999999998
2014-01-11 15:00:00,12.718,10.517409999999995
2014-01-11 16:00:00,7.977,10.322314999999996
2014-01-11 17:00:00,6.574,9.450330000000003
2014-01-11 18:00:00,10.146,11.13525
2014-01-11 19:00:00,16.203,11.308729999999999
2014-01-11 20:00:00,12.592,13.525920000000019
2014-01-11 21:00:00,13.242,8.077589999999997
2014-01-11 22:00:00,7.05,7.774150000000008
2014-01-11 23:00:00,10.878,5.809585000000001
2014-01-12 00:00:00,12.814,8.017595000000002
2014-01-12 01:00:00,8.648,9.990449999999994
2014-01-12 02:00:00,7.397,12.679385000000009
2014-01-12 03:00:00,5.464,10.399370000000008
2014-01-12 04:00:00,8.96,7.733670000000002
2014-01-12 05:00:00,11.996,8.390270000000005
2014-01-12 06:00:00,11.125,10.831675
2014-01-12 07:00:00,15.013,11.12920499999999
2014-01-12 08:00:00,14.047,13.063745000000008
2014-01-12 09:00:00,8.376,8.577889999999996
2014-01-12 10:00:00,6.293,7.844185000000001
2014-01-12 11:00:00,6.293,8.182035
2014-01-12 12:00:00,14.584,7.923790000000001
2014-01-12 13:00:00,12.883,13.766275
2014-01-12 14:00:00,15.171,11.433564999999998
2014-01-12 15:00:00,7.001,10.778630000000003
2014-01-12 16:00:00,5.485,8.789564999999996
2014-01-12 17:00:00,5.278,8.948505000000006
2014-01-12 18:00:00,5.375,9.117455
2014-01-12 19:00:00,16.944,10.506654999999999
2014-01-12 20:00:00,6.824,13.441475000000002
2014-01-12 21:00:00,10.733,10.306249999999993
2014-01-12 22:00:00,10.004,7.471654999999999
2014-01-12 23:00:00,4.93,8.950200000000002
2014-01-13 00:00:00,11.136,11.151364999999998
2014-01-13 01:00:00,21.5,12.56827000000001
2014-01-13 02:00:00,7.49,15.474264999999992
2014-01-13 03:00:00,5.391,8.552494999999995
2014-01-13 04:00:00,7.217,7.920000000000005
2014-01-13 05:00:00,5.605,9.94117000000001
2014-01-13 06:00:00,7.582,10.031305000000003
2014-01-13 07:00:00,10.817,10.804054999999995
2014-01-13 08:00:00,15.847,11.724624999999996
2014-01-13 09:00:00,11.831,11.68489499999999
2014-01-13 10:00:00,15.849,9.352924999999992
2014-01-13 11:00:00,4.0,11.489875000000005
2014-01-13 12:00:00,18.976,10.15293
2014-01-13 13:00:00,12.865,13.619115000000004
2014-01-13 14:00:00,11.999,13.552524999999996
2014-01-13 15:00:00,7.561,9.527855000000002
2014-01-13 16:00:00,5.309,7.475625000000001
2014-01-13 17:00:00,4.0,7.3769249999999955
2014-01-13 18:00:00,18.135,7.667885000000001
2014-01-13 19:00:00,12.81,16.285100000000003
2014-01-13 20:00:00,15.268,11.005254999999995
2014-01-13 21:00:00,4.597,13.332395000000002
2014-01-13 22:00:00,10.401,8.087629999999997
2014-01-13 23:00:00,5.223,7.051065000000006
2014-01-14 00:00:00,10.165,9.345359999999998
2014-01-14 01:00:00,5.027,17.85327000000001
2014-01-14 02:00:00,15.138,8.458774999999997
2014-01-14 03:00:00,5.487,8.036420000000005
2014-01-14 04:00:00,7.297,7.361280000000001
2014-01-14 05:00:00,4.871,7.060644999999999
2014-01-14 06:00:00,6.533,6.540150000000002
2014-01-14 07:00:00,18.894,9.079525000000007
2014-01-14 08:00:00,12.961,12.82303500000001
2014-01-14 09:00:00,12.41,9.701675
2014-01-14 10:00:00,7.345,10.49334000000001
2014-01-14 11:00:00,11.65,5.845600000000003
2014-01-14 12:00:00,13.917,14.707439999999995
2014-01-14 13:00:00,5.354,11.412574999999999
2014-01-14 14:00:00,18.714,10.299965000000011
2014-01-14 15:00:00,16.466,12.527045000000003
2014-01-14 16:00:00,16.554,9.992730000000016
2014-01-14 17:00:00,7.514,9.50164500000001
2014-01-14 18:00:00,12.517,12.400075000000006
2014-01-14 19:00:00,10.486,11.119755000000008
2014-01-14 20:00:00,7.023,12.561329999999996
2014-01-14 21:00:00,7.115,7.058850000000008
2014-01-14 22:00:00,14.048,9.048260000000004
2014-01-14 23:00:00,5.227,7.421774999999997
2014-01-15 00:00:00,7.858,8.062510000000005
2014-01-15 01:00:00,15.426,9.258925
2014-01-15 02:00:00,16.042,12.889995
2014-01-15 03:00:00,7.6,9.928769999999997
2014-01-15 04:00:00,6.69,7.9657399999999985
2014-01-15 05:00:00,4.612,8.165244999999988
2014-01-15 06:00:00,17.063,6.463225000000007
2014-01-15 07:00:00,17.591,17.852639999999983
2014-01-15 08:00:00,19.313,13.037955000000002
2014-01-15 09:00:00,5.09,12.27494
2014-01-15 10:00:00,10.112,8.719525
2014-01-15 11:00:00,4.554,10.039155000000006
2014-01-15 12:00:00,13.403,10.628435000000001
2014-01-15 13:00:00,6.448,7.711199999999995
2014-01-15 14:00:00,8.0,13.637219999999996
2014-01-15 15:00:00,8.921,12.681670000000002
2014-01-15 16:00:00,5.808,13.200739999999996
2014-01-15 17:00:00,4.0,9.226284999999999
2014-01-15 18:00:00,10.836,10.364744999999996
2014-01-15 19:00:00,11.866,11.403565000000008
2014-01-15 20:00:00,13.523,9.095350000000003
2014-01-15 21:00:00,6.335,9.83002
2014-01-15 22:00:00,7.904,9.310169999999996
2014-01-15 23:00:00,12.581,7.58073
2014-01-16 00:00:00,4.0,9.957014999999998
2014-01-16 01:00:00,12.066,9.931245000000002
2014-01-16 02:00:00,8.369,14.414315000000018
2014-01-16 03:00:00,9.206,9.898424999999996
2014-01-16 04:00:00,5.09,9.415085
2014-01-16 05:00:00,8.157,7.604509999999992
2014-01-16 06:00:00,12.8,13.756435000000005
2014-01-16 07:00:00,7.869,15.413125
2014-01-16 08:00:00,13.887,15.031660000000011
2014-01-16 09:00:00,6.007,6.912239999999996
2014-01-16 10:00:00,4.513,11.064064999999998
2014-01-16 11:00:00,5.27,7.046245000000002
2014-01-16 12:00:00,6.586,9.922650000000006
2014-01-16 13:00:00,6.607,9.167115000000004
2014-01-16 14:00:00,13.567,8.215775000000008
2014-01-16 15:00:00,14.103,10.791809999999998
2014-01-16 16:00:00,4.511,9.675194999999997
2014-01-16 17:00:00,9.464,6.4548900000000025
2014-01-16 18:00:00,11.109,11.140165000000001
2014-01-16 19:00:00,4.734,9.86899
2014-01-16 20:00:00,14.734,9.52255
2014-01-16 21:00:00,9.941,11.756474999999998
2014-01-16 22:00:00,6.22,6.2758049999999965
2014-01-16 23:00:00,12.445,9.154014999999994
2014-01-17 00:00:00,5.978,8.76224000000001
2014-01-17 01:00:00,8.757,9.256605
2014-01-17 02:00:00,13.44,9.789234999999993
2014-01-17 03:00:00,12.498,11.778810000000005
2014-01-17 04:00:00,4.936,9.802735000000006
2014-01-17 05:00:00,12.071,7.2704949999999995
2014-01-17 06:00:00,5.301,11.797845000000002
2014-01-17 07:00:00,6.938,8.457175
2014-01-17 08:00:00,10.062,10.058859999999989
2014-01-17 09:00:00,12.895,9.003885
2014-01-17 10:00:00,8.062,7.784845000000006
2014-01-17 11:00:00,4.067,8.351219999999994
2014-01-17 12:00:00,12.07,7.649170000000003
2014-01-17 13:00:00,11.226,9.446235000000001
2014-01-17 14:00:00,9.929,11.805525000000005
2014-01-17 15:00:00,8.822,12.240340000000009
2014-01-17 16:00:00,17.127,6.724370000000002
2014-01-17 17:00:00,13.598,11.924685000000009
2014-01-17 18:00:00,5.917,11.749045000000008
2014-01-17 19:00:00,14.358,7.978280000000007
2014-01-17 20:00:00,14.904,13.639039999999993
2014-01-17 21:00:00,6.966,12.077150000000003
2014-01-17 22:00:00,8.304,7.557074999999997
2014-01-17 23:00:00,4.899,9.096980000000004
2014-01-18 00:00:00,8.351,8.490795
2014-01-18 01:00:00,8.197,8.703085000000002
2014-01-18 02:00:00,13.16,10.843035000000008
2014-01-18 03:00:00,11.143,10.215655000000003
2014-01-18 04:00:00,7.958,8.289999999999997
2014-01-18 05:00:00,8.167,9.252484999999995
2014-01-18 06:00:00,5.231,10.354569999999997
2014-01-18 07:00:00,16.823,7.786165000000003
2014-01-18 08:00:00,7.096,15.515894999999993
2014-01-18 09:00:00,8.778,11.264829999999995
2014-01-18 10:00:00,9.186,8.671824999999998
2014-01-18 11:00:00,5.585,6.93116
2014-01-18 12:00:00,8.12,10.100189999999994
2014-01-18 13:00:00,14.157,9.89177999999999
2014-01-18 14:00:00,7.968,12.942824999999996
2014-01-18 15:00:00,14.052,8.862615
2014-01-18 16:00:00,5.209,14.430380000000008
2014-01-18 17:00:00,5.726,9.217855000000002
2014-01-18 18:00:00,9.144,9.176910000000005
2014-01-18 19:00:00,11.263,12.938659999999997
2014-01-18 20:00:00,6.965,12.884224999999994
2014-01-18 21:00:00,4.888,8.840494999999997
2014-01-18 22:00:00,4.0,7.500885
2014-01-18 23:00:00,4.0,7.480580000000004
2014-01-19 00:00:00,5.869,8.061345000000003
2014-01-19 01:00:00,14.291,9.273429999999994
2014-01-19 02:00:00,6.82,13.039810000000003
2014-01-19 03:00:00,7.477,9.550294999999998
2014-01-19 04:00:00,9.233,8.473510000000005
2014-01-19 05:00:00,5.321,8.350084999999998
2014-01-19 06:00:00,10.597,7.163445
2014-01-19 07:00:00,12.317,15.517840000000012
2014-01-19 08:00:00,15.255,10.496544999999992
2014-01-19 09:00:00,5.969,11.211025000000001
2014-01-19 10:00:00,8.378,8.462179999999995
2014-01-19 11:00:00,4.0,7.837309999999995
2014-01-19 12:00:00,7.801,8.088744999999996
2014-01-19 13:00:00,15.433,11.571589999999999
2014-01-19 14:00:00,6.164,12.453295000000004
2014-01-19 15:00:00,8.098,12.487079999999999
2014-01-19 16:00:00,5.609,6.460385000000003
2014-01-19 17:00:00,5.819,7.266960000000003
2014-01-19 18:00:00,5.151,7.954525000000003
2014-01-19 19:00:00,7.646,10.198514999999997
2014-01-19 20:00:00,8.246,9.597779999999993
2014-01-19 21:00:00,14.082,5.770864999999997
2014-01-19 22:00:00,11.042,7.0931250000000015
2014-01-19 23:00:00,5.359,5.954605000000002
2014-01-20 00:00:00,6.846,7.470385000000006
2014-01-20 01:00:00,15.465,13.014699999999994
2014-01-20 02:00:00,10.848,13.171040000000003
2014-01-20 03:00:00,6.533,9.615099999999996
2014-01-20 04:00:00,5.869,7.431444999999999
2014-01-20 05:00:00,5.99,6.960789999999992
2014-01-20 06:00:00,5.592,10.099840000000006
2014-01-20 07:00:00,17.222,9.769905000000001
2014-01-20 08:00:00,13.7,12.660230000000023
2014-01-20 09:00:00,19.484,9.909764999999991
2014-01-20 10:00:00,4.0,12.042765000000006
2014-01-20 11:00:00,8.013,6.280465000000003
2014-01-20 12:00:00,10.31,8.782504999999997
2014-01-20 13:00:00,6.808,11.464064999999996
2014-01-20 14:00:00,7.755,8.804945000000002
2014-01-20 15:00:00,8.335,8.738759999999992
2014-01-20 16:00:00,4.0,7.145335000000002
2014-01-20 17:00:00,7.38,7.939740000000009
2014-01-20 18:00:00,11.066,6.572555000000002
2014-01-20 19:00:00,17.375,10.046045
2014-01-20 20:00:00,12.123,13.069379999999997
2014-01-20 21:00:00,13.395,11.770230000000003
2014-01-20 22:00:00,6.466,9.672005000000006
2014-01-20 23:00:00,5.966,6.090389999999993
2014-01-21 00:00:00,7.791,9.693040000000002
2014-01-21 01:00:00,20.514,13.126485000000008
2014-01-21 02:00:00,10.633,14.71963000000002
2014-01-21 03:00:00,11.402,9.843904999999996
2014-01-21 04:00:00,6.083,8.758485
2014-01-21 05:00:00,5.939,9.032234999999998
2014-01-21 06:00:00,15.95,6.567889999999997
2014-01-21 07:00:00,10.759,13.211010000000005
2014-01-21 08:00:00,6.816,11.40073000000001
2014-01-21 09:00:00,8.911,16.065759999999997
2014-01-21 10:00:00,9.612,5.916019999999998
2014-01-21 11:00:00,5.871,8.891739999999992
2014-01-21 12:00:00,6.758,9.625095000000002
2014-01-21 13:00:00,14.65,9.555764999999997
2014-01-21 14:00:00,17.723,11.873545000000009
2014-01-21 15:00:00,8.171,12.558954999999994
2014-01-21 16:00:00,4.0,5.970850000000004
2014-01-21 17:00:00,9.305,7.391500000000008
2014-01-21 18:00:00,10.847,10.999684999999992
2014-01-21 19:00:00,6.97,14.512825000000003
2014-01-21 20:00:00,7.798,10.015450000000007
2014-01-21 21:00:00,13.558,9.671034999999996
2014-01-21 22:00:00,9.344,9.904274999999995
2014-01-21 23:00:00,5.84,8.625964999999994
2014-01-22 00:00:00,6.113,9.460245
2014-01-22 01:00:00,20.38,15.688475000000004
2014-01-22 02:00:00,8.567,14.328650000000003
2014-01-22 03:00:00,10.55,9.188699999999999
2014-01-22 04:00:00,5.401,11.934069999999997
2014-01-22 05:00:00,8.427,7.947469999999998
2014-01-22 06:00:00,8.75,10.044315000000001
2014-01-22 07:00:00,11.355,11.659820000000002
2014-01-22 08:00:00,10.545,10.710389999999986
2014-01-22 09:00:00,7.868,10.740574999999989
2014-01-22 10:00:00,4.0,8.775504999999994
2014-01-22 11:00:00,5.843,8.535765000000005
2014-01-22 12:00:00,8.302,9.08719500000001
2014-01-22 13:00:00,8.87,14.821189999999985
2014-01-22 14:00:00,17.681,16.72588499999999
2014-01-22 15:00:00,8.707,11.004805000000006
2014-01-22 16:00:00,8.827,6.112845000000004
2014-01-22 17:00:00,4.885,8.727569999999995
2014-01-22 18:00:00,4.0,10.958930000000002
2014-01-22 19:00:00,13.633,8.862190000000002
2014-01-22 20:00:00,5.397,10.114519999999992
2014-01-22 21:00:00,8.356,8.598839999999994
2014-01-22 22:00:00,9.356,6.18444
2014-01-22 23:00:00,8.983,6.931290000000005
2014-01-23 00:00:00,10.129,9.166824999999994
2014-01-23 01:00:00,15.223,18.525190000000006
2014-01-23 02:00:00,12.424,13.489389999999998
2014-01-23 03:00:00,11.486,10.719595000000002
2014-01-23 04:00:00,13.069,6.6018199999999965
2014-01-23 05:00:00,4.556,8.149234999999996
2014-01-23 06:00:00,10.057,6.471904999999997
2014-01-23 07:00:00,10.366,9.83688
2014-01-23 08:00:00,10.143,10.631545
2014-01-23 09:00:00,18.122,8.54933
2014-01-23 10:00:00,6.638,9.095930000000001
2014-01-23 11:00:00,9.786,6.968635000000003
2014-01-23 12:00:00,5.263,9.083599999999997
2014-01-23 13:00:00,12.895,10.369734999999993
2014-01-23 14:00:00,17.088,15.637974999999997
2014-01-23 15:00:00,9.172,12.400139999999999
2014-01-23 16:00:00,5.865,7.162754999999995
2014-01-23 17:00:00,5.498,6.354649999999998
2014-01-23 18:00:00,9.345,6.556645000000004
2014-01-23 19:00:00,14.22,10.730199999999993
2014-01-23 20:00:00,13.57,8.977715
2014-01-23 21:00:00,6.502,8.783164999999997
2014-01-23 22:00:00,8.015,7.6471649999999975
2014-01-23 23:00:00,10.475,7.020575000000001
2014-01-24 00:00:00,4.764,9.351510000000001
2014-01-24 01:00:00,7.719,8.38664999999999
2014-01-24 02:00:00,9.766,9.7959
2014-01-24 03:00:00,4.0,8.718950000000001
2014-01-24 04:00:00,4.032,7.953714999999993
2014-01-24 05:00:00,4.888,5.667759999999996
2014-01-24 06:00:00,8.738,8.127024999999994
2014-01-24 07:00:00,11.763,8.938510000000006
2014-01-24 08:00:00,15.291,11.009405000000006
2014-01-24 09:00:00,10.145,15.978939999999998
2014-01-24 10:00:00,5.047,7.921599999999993
2014-01-24 11:00:00,7.308,7.967929999999995
2014-01-24 12:00:00,13.391,7.527655000000001
2014-01-24 13:00:00,12.163,11.885065000000006
2014-01-24 14:00:00,10.555,14.651615
2014-01-24 15:00:00,9.617,9.262549999999996
2014-01-24 16:00:00,4.399,7.1615449999999985
2014-01-24 17:00:00,6.265,7.7940700000000005
2014-01-24 18:00:00,5.554,8.028165000000007
2014-01-24 19:00:00,15.883,10.195140000000004
2014-01-24 20:00:00,9.401,11.503119999999994
2014-01-24 21:00:00,6.041,8.274794999999997
2014-01-24 22:00:00,4.0,6.33474
2014-01-24 23:00:00,13.122,6.900629999999993
2014-01-25 00:00:00,17.163,7.9769600000000045
2014-01-25 01:00:00,19.387,12.770700000000001
2014-01-25 02:00:00,11.076,13.990785
2014-01-25 03:00:00,8.383,6.567410000000002
2014-01-25 04:00:00,11.481,7.439929999999997
2014-01-25 05:00:00,9.277,7.007885000000003
2014-01-25 06:00:00,8.273,8.976204999999995
2014-01-25 07:00:00,9.696,8.846304999999994
2014-01-25 08:00:00,9.127,11.691694999999996
2014-01-25 09:00:00,8.729,10.838235000000008
2014-01-25 10:00:00,5.8,6.964780000000001
2014-01-25 11:00:00,4.0,7.442695000000007
2014-01-25 12:00:00,9.58,10.570340000000003
2014-01-25 13:00:00,9.848,10.855824999999992
2014-01-25 14:00:00,5.045,9.88617999999999
2014-01-25 15:00:00,9.398,9.20955
2014-01-25 16:00:00,8.558,7.110090000000002
2014-01-25 17:00:00,4.0,7.133195000000006
2014-01-25 18:00:00,5.959,9.161925000000004
2014-01-25 19:00:00,11.74,11.751235
2014-01-25 20:00:00,12.817,8.846384999999993
2014-01-25 21:00:00,17.746,11.097515000000012
2014-01-25 22:00:00,14.863,8.807805000000009
2014-01-25 23:00:00,4.456,10.865989999999993
2014-01-26 00:00:00,9.647,11.073200000000002
2014-01-26 01:00:00,11.765,17.04812499999999
2014-01-26 02:00:00,14.845,10.023880000000002
2014-01-26 03:00:00,13.412,10.774875000000002
2014-01-26 04:00:00,6.064,8.260130000000006
2014-01-26 05:00:00,5.65,7.914320000000006
2014-01-26 06:00:00,12.308,7.267389999999998
2014-01-26 07:00:00,10.804,9.549514999999996
2014-01-26 08:00:00,10.311,9.366324999999987
2014-01-26 09:00:00,5.448,8.955994999999998
2014-01-26 10:00:00,12.475,6.513090000000009
2014-01-26 11:00:00,15.948,7.090660000000007
2014-01-26 12:00:00,5.346,11.341074999999998
2014-01-26 13:00:00,8.509,10.35036999999999
2014-01-26 14:00:00,12.108,7.689390000000007
2014-01-26 15:00:00,11.412,10.39572
2014-01-26 16:00:00,5.981,8.914075000000002
2014-01-26 17:00:00,7.019,5.985455000000002
2014-01-26 18:00:00,13.122,11.937515000000003
2014-01-26 19:00:00,13.603,9.623370000000005
2014-01-26 20:00:00,19.862,11.91959000000001
2014-01-26 21:00:00,4.932,12.530079999999998
2014-01-26 22:00:00,7.039,8.605899999999995
2014-01-26 23:00:00,5.991,7.346000000000009
2014-01-27 00:00:00,5.264,9.516210000000003
2014-01-27 01:00:00,10.578,8.664644999999998
2014-01-27 02:00:00,15.679,11.194585000000002
2014-01-27 03:00:00,8.442,14.72762000000002
2014-01-27 04:00:00,5.096,9.521605000000001
2014-01-27 05:00:00,9.327,8.679760000000005
2014-01-27 06:00:00,21.5,8.108910000000002
2014-01-27 07:00:00,15.63,15.61125500000001
2014-01-27 08:00:00,11.263,13.068649999999986
2014-01-27 09:00:00,7.836,9.279374999999998
2014-01-27 10:00:00,4.564,9.473879999999994
2014-01-27 11:00:00,11.212,8.624459999999994
2014-01-27 12:00:00,5.83,8.494120000000002
2014-01-27 13:00:00,15.588,9.280425000000001
2014-01-27 14:00:00,5.579,12.179375000000004
2014-01-27 15:00:00,16.629,9.995209999999997
2014-01-27 16:00:00,6.737,12.055680000000002
2014-01-27 17:00:00,14.184,8.510479999999994
2014-01-27 18:00:00,10.075,11.04703500000001
2014-01-27 19:00:00,5.33,10.940410000000007
2014-01-27 20:00:00,14.226,14.079759999999997
2014-01-27 21:00:00,10.233,8.425514999999995
2014-01-27 22:00:00,4.0,8.389330000000001
2014-01-27 23:00:00,9.155,8.45318000000001
2014-01-28 00:00:00,5.808,8.813990000000006
2014-01-28 01:00:00,14.869,9.586775000000006
2014-01-28 02:00:00,11.041,12.272905000000007
2014-01-28 03:00:00,15.166,10.164089999999993
2014-01-28 04:00:00,8.198,7.812445000000002
2014-01-28 05:00:00,4.0,8.07916
2014-01-28 06:00:00,13.968,14.593404999999995
2014-01-28 07:00:00,8.227,11.171460000000002
2014-01-28 08:00:00,7.164,9.869725000000003
2014-01-28 09:00:00,4.0,8.086844999999997
2014-01-28 10:00:00,8.232,8.006480000000005
2014-01-28 11:00:00,9.546,10.424174999999998
2014-01-28 12:00:00,4.357,8.967269999999996
2014-01-28 13:00:00,7.985,8.813794999999994
2014-01-28 14:00:00,13.306,8.295659999999993
2014-01-28 15:00:00,12.71,15.189564999999995
2014-01-28 16:00:00,4.0,9.264219999999996
2014-01-28 17:00:00,8.152,8.233550000000006
2014-01-28 18:00:00,9.037,9.41062999999999
2014-01-28 19:00:00,17.812,8.243405000000006
2014-01-28 20:00:00,12.852,13.256265
2014-01-28 21:00:00,5.506,9.835159999999995
2014-01-28 22:00:00,4.0,6.063625000000005
2014-01-28 23:00:00,5.426,6.354169999999997
2014-01-29 00:00:00,8.515,7.697790000000001
2014-01-29 01:00:00,19.371,10.128199999999998
2014-01-29 02:00:00,14.291,14.277340000000006
2014-01-29 03:00:00,7.647,11.584810000000003
2014-01-29 04:00:00,8.561,7.942834999999998
2014-01-29 05:00:00,8.967,7.450724999999998
2014-01-29 06:00:00,6.382,9.721964999999997
2014-01-29 07:00:00,10.024,8.817365
2014-01-29 08:00:00,11.785,9.07829
2014-01-29 09:00:00,10.018,7.567784999999997
2014-01-29 10:00:00,4.0,8.903014999999993
2014-01-29 11:00:00,10.095,7.9354599999999955
2014-01-29 12:00:00,6.404,7.70235
2014-01-29 13:00:00,11.831,8.97803
2014-01-29 14:00:00,6.434,12.228509999999998
2014-01-29 15:00:00,4.0,10.827615000000003
2014-01-29 16:00:00,5.384,6.384530000000003
2014-01-29 17:00:00,6.798,8.636795000000001
2014-01-29 18:00:00,15.687,10.162334999999995
2014-01-29 19:00:00,15.685,17.715470000000003
2014-01-29 20:00:00,13.073,11.815330000000012
2014-01-29 21:00:00,11.57,7.20389
2014-01-29 22:00:00,12.018,6.47369
2014-01-29 23:00:00,8.259,7.422390000000002
2014-01-30 00:00:00,4.504,8.812745000000005
2014-01-30 01:00:00,17.934,12.41422
2014-01-30 02:00:00,11.069,13.429340000000002
2014-01-30 03:00:00,12.898,9.387455
2014-01-30 04:00:00,7.549,8.096379999999996
2014-01-30 05:00:00,8.113,7.842139999999996
2014-01-30 06:00:00,14.287,8.026394999999994
2014-01-30 07:00:00,12.912,12.186195
2014-01-30 08:00:00,13.012,9.811364999999999
2014-01-30 09:00:00,15.998,10.368575000000005
2014-01-30 10:00:00,5.872,9.266409999999997
2014-01-30 11:00:00,4.0,8.093829999999995
2014-01-30 12:00:00,5.286,7.089450000000004
2014-01-30 13:00:00,10.051,10.246469999999999
2014-01-30 14:00:00,4.753,8.743904999999998
2014-01-30 15:00:00,8.936,7.399329999999999
2014-01-30 16:00:00,4.0,6.1212050000000024
2014-01-30 17:00:00,13.033,7.971295000000003
2014-01-30 18:00:00,13.519,11.89894
2014-01-30 19:00:00,18.406,12.258645
2014-01-30 20:00:00,5.294,11.789875000000006
2014-01-30 21:00:00,10.566,9.348529999999998
2014-01-30 22:00:00,4.0,8.626050000000001
2014-01-30 23:00:00,4.0,5.708965000000001
2014-01-31 00:00:00,5.902,7.116450000000002
2014-01-31 01:00:00,9.312,12.989349999999996
2014-01-31 02:00:00,15.025,10.599595000000004
2014-01-31 03:00:00,8.344,12.13361500000001
2014-01-31 04:00:00,4.463,6.736585
2014-01-31 05:00:00,4.9,6.945015000000005
2014-01-31 06:00:00,10.061,10.274274999999996
2014-01-31 07:00:00,13.761,11.539145000000003
2014-01-31 08:00:00,15.373,13.635765000000003
2014-01-31 09:00:00,9.693,13.326515000000002
2014-01-31 10:00:00,6.979,7.551039999999998
2014-01-31 11:00:00,4.0,5.783844999999999
2014-01-31 12:00:00,8.004,7.810550000000001
2014-01-31 13:00:00,11.729,8.229294999999997
2014-01-31 14:00:00,8.373,7.9606200000000085
2014-01-31 15:00:00,5.317,7.830459999999997
2014-01-31 16:00:00,5.045,6.493979999999997
2014-01-31 17:00:00,4.28,8.599324999999999
2014-01-31 18:00:00,4.0,8.623074999999998
2014-01-31 19:00:00,15.261,12.707484999999998
2014-01-31 20:00:00,19.781,9.924185
2014-01-31 21:00:00,4.421,12.289385
2014-01-31 22:00:00,8.806,6.45279
2014-01-31 23:00:00,4.0,7.042025
2014-02-01 00:00:00,12.125,8.901375000000012
2014-02-01 01:00:00,7.309,11.444804999999992
2014-02-01 02:00:00,11.294,11.339800000000002
2014-02-01 03:00:00,15.309,10.418734999999995
2014-02-01 04:00:00,4.951,7.996325000000002
2014-02-01 05:00:00,4.0,7.922794999999995
2014-02-01 06:00:00,7.674,8.499780000000001
2014-02-01 07:00:00,16.94,10.305944999999992
2014-02-01 08:00:00,5.843,11.864115000000009
2014-02-01 09:00:00,18.872,7.7878700000000025
2014-02-01 10:00:00,11.591,14.591565000000003
2014-02-01 11:00:00,4.244,6.14943
2014-02-01 12:00:00,10.832,7.7135300000000075
2014-02-01 13:00:00,14.259,10.658145000000001
2014-02-01 14:00:00,11.38,11.288315
2014-02-01 15:00:00,6.492,9.152660000000015
2014-02-01 16:00:00,7.116,6.137310000000001
2014-02-01 17:00:00,5.183,6.906634999999999
2014-02-01 18:00:00,8.38,6.984850000000006
2014-02-01 19:00:00,4.636,12.195619999999995
2014-02-01 20:00:00,20.563,13.859810000000003
2014-02-01 21:00:00,5.966,11.836040000000002
2014-02-01 22:00:00,4.0,7.3769749999999945
2014-02-01 23:00:00,4.0,6.506140000000001
2014-02-02 00:00:00,8.576,8.39701
2014-02-02 01:00:00,16.796,9.215759999999996
2014-02-02 02:00:00,5.738,15.863514999999992
2014-02-02 03:00:00,9.491,10.136990000000004
2014-02-02 04:00:00,9.378,9.319415000000005
2014-02-02 05:00:00,4.363,7.664770000000002
2014-02-02 06:00:00,12.407,8.20057
2014-02-02 07:00:00,20.161,14.644730000000004
2014-02-02 08:00:00,10.296,12.998430000000006
2014-02-02 09:00:00,7.672,17.149670000000015
2014-02-02 10:00:00,9.692,9.344599999999996
2014-02-02 11:00:00,4.0,6.946470000000004
2014-02-02 12:00:00,12.288,10.046275000000003
2014-02-02 13:00:00,11.587,14.423539999999997
2014-02-02 14:00:00,8.704,9.417404999999992
2014-02-02 15:00:00,13.434,8.401540000000004
2014-02-02 16:00:00,5.578,9.702315000000006
2014-02-02 17:00:00,4.0,6.067140000000007
2014-02-02 18:00:00,4.0,7.698249999999998
2014-02-02 19:00:00,15.713,7.897570000000009
2014-02-02 20:00:00,19.405,16.52107999999998
2014-02-02 21:00:00,4.25,12.125495000000003
2014-02-02 22:00:00,7.022,6.369475000000005
2014-02-02 23:00:00,7.16,5.993854999999999
2014-02-03 00:00:00,10.861,12.285540000000015
2014-02-03 01:00:00,11.898,15.59209
2014-02-03 02:00:00,19.891,8.17693
2014-02-03 03:00:00,9.713,10.895154999999999
2014-02-03 04:00:00,4.0,8.228375000000002
2014-02-03 05:00:00,5.898,7.8659499999999944
2014-02-03 06:00:00,14.02,8.977600000000002
2014-02-03 07:00:00,16.829,17.798694999999988
2014-02-03 08:00:00,11.309,14.102075000000012
2014-02-03 09:00:00,15.164,8.675729999999998
2014-02-03 10:00:00,14.43,13.365590000000005
2014-02-03 11:00:00,4.098,7.960200000000002
2014-02-03 12:00:00,5.776,8.168405000000007
2014-02-03 13:00:00,11.966,9.585225
2014-02-03 14:00:00,9.025,10.053920000000002
2014-02-03 15:00:00,4.583,12.539420000000007
2014-02-03 16:00:00,5.16,6.896935000000001
2014-02-03 17:00:00,5.015,6.794785000000004
2014-02-03 18:00:00,10.279,6.849405000000005
2014-02-03 19:00:00,15.76,12.203295000000008
2014-02-03 20:00:00,15.748,16.904745000000005
2014-02-03 21:00:00,7.886,8.999755000000004
2014-02-03 22:00:00,4.0,7.030729999999997
2014-02-03 23:00:00,8.918,6.327514999999998
2014-02-04 00:00:00,12.13,9.750790000000006
2014-02-04 01:00:00,16.08,12.629575000000015
2014-02-04 02:00:00,7.282,18.638194999999985
2014-02-04 03:00:00,5.47,8.927125
2014-02-04 04:00:00,4.886,7.480954999999998
2014-02-04 05:00:00,6.042,7.344015000000008
2014-02-04 06:00:00,5.328,10.256025
2014-02-04 07:00:00,8.734,9.658574999999997
2014-02-04 08:00:00,10.667,9.724300000000007
2014-02-04 09:00:00,13.354,12.177990000000001
2014-02-04 10:00:00,5.698,11.685744999999999
2014-02-04 11:00:00,5.407,7.077684999999991
2014-02-04 12:00:00,10.803,8.525360000000004
2014-02-04 13:00:00,14.57,10.742644999999987
2014-02-04 14:00:00,12.099,11.714165000000005
2014-02-04 15:00:00,18.159,7.601455000000004
2014-02-04 16:00:00,7.944,9.024220000000009
2014-02-04 17:00:00,10.451,6.461504999999994
2014-02-04 18:00:00,5.2,10.888679999999997
2014-02-04 19:00:00,11.001,10.187879999999993
2014-02-04 20:00:00,9.827,14.942310000000004
2014-02-04 21:00:00,8.505,9.242135000000003
2014-02-04 22:00:00,5.245,6.781360000000002
2014-02-04 23:00:00,7.158,7.56791999999999
2014-02-05 00:00:00,9.668,10.801259999999997
2014-02-05 01:00:00,15.212,11.465659999999989
2014-02-05 02:00:00,19.431,13.691194999999988
2014-02-05 03:00:00,6.799,9.507680000000006
2014-02-05 04:00:00,9.548,7.156199999999995
2014-02-05 05:00:00,10.211,9.593800000000002
2014-02-05 06:00:00,5.973,9.067365
2014-02-05 07:00:00,10.508,9.406315000000001
2014-02-05 08:00:00,13.268,10.317874999999997
2014-02-05 09:00:00,10.933,12.187105000000006
2014-02-05 10:00:00,5.903,8.099625000000005
2014-02-05 11:00:00,5.822,8.80238
2014-02-05 12:00:00,5.38,11.04124999999999
2014-02-05 13:00:00,13.99,9.47518
2014-02-05 14:00:00,9.587,11.238169999999993
2014-02-05 15:00:00,12.912,14.835165000000007
2014-02-05 16:00:00,6.517,9.875155000000005
2014-02-05 17:00:00,18.991,11.016160000000006
2014-02-05 18:00:00,10.081,12.461760000000002
2014-02-05 19:00:00,10.329,11.41141999999999
2014-02-05 20:00:00,12.336,11.717754999999995
2014-02-05 21:00:00,7.852,10.294084999999997
2014-02-05 22:00:00,4.0,7.490295000000003
2014-02-05 23:00:00,5.726,6.588759999999996
2014-02-06 00:00:00,9.091,9.189510000000004
2014-02-06 01:00:00,9.358,12.386264999999998
2014-02-06 02:00:00,15.764,16.498914999999997
2014-02-06 03:00:00,14.916,10.602079999999996
2014-02-06 04:00:00,4.0,10.918154999999995
2014-02-06 05:00:00,5.062,7.607985
2014-02-06 06:00:00,11.372,8.074324999999998
2014-02-06 07:00:00,14.149,11.537299999999998
2014-02-06 08:00:00,18.306,12.341069999999995
2014-02-06 09:00:00,13.312,13.637280000000008
2014-02-06 10:00:00,9.437,8.381199999999998
2014-02-06 11:00:00,9.325,7.679769999999996
2014-02-06 12:00:00,19.481,8.641919999999997
2014-02-06 13:00:00,15.524,12.446044999999994
2014-02-06 14:00:00,8.512,12.831779999999995
2014-02-06 15:00:00,4.209,10.683019999999999
2014-02-06 16:00:00,4.0,8.870839999999998
2014-02-06 17:00:00,11.985,10.968059999999994
2014-02-06 18:00:00,9.423,11.265450000000008
2014-02-06 19:00:00,12.043,11.096059999999998
2014-02-06 20:00:00,14.123,11.716349999999998
2014-02-06 21:00:00,16.753,10.96968
2014-02-06 22:00:00,5.361,9.046045
2014-02-06 23:00:00,4.981,7.201695000000002
2014-02-07 00:00:00,8.48,7.62551
2014-02-07 01:00:00,13.348,9.338409999999996
2014-02-07 02:00:00,11.275,14.194154999999997
2014-02-07 03:00:00,5.768,13.678770000000002
2014-02-07 04:00:00,6.104,6.144574999999998
2014-02-07 05:00:00,4.666,5.872059999999997
2014-02-07 06:00:00,12.833,8.541024999999992
2014-02-07 07:00:00,5.855,11.713494999999998
2014-02-07 08:00:00,12.17,12.175540000000003
2014-02-07 09:00:00,6.414,11.3211
2014-02-07 10:00:00,8.288,8.32721
2014-02-07 11:00:00,6.635,7.658420000000001
2014-02-07 12:00:00,9.197,13.754119999999993
2014-02-07 13:00:00,12.335,12.399779999999998
2014-02-07 14:00:00,7.974,8.879315000000005
2014-02-07 15:00:00,11.313,6.607834999999998
2014-02-07 16:00:00,4.0,5.832570000000001
2014-02-07 17:00:00,4.0,8.714785
2014-02-07 18:00:00,18.821,8.225795
2014-02-07 19:00:00,8.069,12.454389999999997
2014-02-07 20:00:00,8.709,12.267299999999993
2014-02-07 21:00:00,8.619,11.923015
2014-02-07 22:00:00,5.443,8.610484999999994
2014-02-07 23:00:00,7.434,7.305815
2014-02-08 00:00:00,5.243,9.856655000000002
2014-02-08 01:00:00,19.504,9.55965
2014-02-08 02:00:00,12.025,15.661504999999998
2014-02-08 03:00:00,19.141,9.402530000000015
2014-02-08 04:00:00,7.508,11.77972
2014-02-08 05:00:00,4.0,7.545695000000003
2014-02-08 06:00:00,4.029,10.333679999999998
2014-02-08 07:00:00,5.746,8.642169999999998
2014-02-08 08:00:00,18.232,9.587579999999994
2014-02-08 09:00:00,12.826,14.846875000000002
2014-02-08 10:00:00,7.936,8.929090000000002
2014-02-08 11:00:00,7.747,8.886680000000005
2014-02-08 12:00:00,14.224,8.408149999999992
2014-02-08 13:00:00,10.376,11.484804999999994
2014-02-08 14:00:00,5.114,9.397399999999994
2014-02-08 15:00:00,17.891,9.52232999999999
2014-02-08 16:00:00,4.554,10.222320000000012
2014-02-08 17:00:00,8.0,7.6342650000000125
2014-02-08 18:00:00,12.508,12.551825000000008
2014-02-08 19:00:00,13.047,10.558465000000002
2014-02-08 20:00:00,9.052,9.60691
2014-02-08 21:00:00,12.964,7.8525050000000025
2014-02-08 22:00:00,6.072,8.213195000000011
2014-02-08 23:00:00,4.0,7.702249999999993
2014-02-09 00:00:00,13.463,8.342135
2014-02-09 01:00:00,5.399,16.593925000000002
2014-02-09 02:00:00,7.211,9.637359999999996
2014-02-09 03:00:00,7.243,14.36394499999999
2014-02-09 04:00:00,5.824,8.536650000000002
2014-02-09 05:00:00,8.449,5.929355000000004
2014-02-09 06:00:00,10.824,8.578614999999996
2014-02-09 07:00:00,14.423,9.961040000000008
2014-02-09 08:00:00,21.362,16.533140000000014
2014-02-09 09:00:00,4.0,13.5498
2014-02-09 10:00:00,14.883,8.657080000000011
2014-02-09 11:00:00,10.151,11.380160000000012
2014-02-09 12:00:00,9.051,13.144699999999995
2014-02-09 13:00:00,14.737,10.614339999999984
2014-02-09 14:00:00,14.838,10.302530000000004
2014-02-09 15:00:00,4.0,14.863795000000005
2014-02-09 16:00:00,4.0,7.655320000000007
2014-02-09 17:00:00,4.574,8.32757
2014-02-09 18:00:00,5.321,9.141974999999997
2014-02-09 19:00:00,14.221,9.481675000000003
2014-02-09 20:00:00,12.669,12.314530000000005
2014-02-09 21:00:00,5.383,10.707400000000005
2014-02-09 22:00:00,7.554,8.339065000000003
2014-02-09 23:00:00,6.133,5.594775000000003
2014-02-10 00:00:00,4.2,10.544355000000001
2014-02-10 01:00:00,4.995,7.4913300000000085
2014-02-10 02:00:00,13.91,8.936505000000002
2014-02-10 03:00:00,16.812,8.883254999999998
2014-02-10 04:00:00,6.092,9.065420000000012
2014-02-10 05:00:00,4.0,8.31604
2014-02-10 06:00:00,5.767,8.663014999999994
2014-02-10 07:00:00,6.87,11.000769999999989
2014-02-10 08:00:00,12.989,17.840094999999998
2014-02-10 09:00:00,6.632,6.195510000000002
2014-02-10 10:00:00,6.512,9.393779999999994
2014-02-10 11:00:00,4.0,9.123524999999999
2014-02-10 12:00:00,10.388,7.289540000000003
2014-02-10 13:00:00,15.512,13.447024999999996
2014-02-10 14:00:00,20.07,14.861094999999992
2014-02-10 15:00:00,9.306,8.918304999999998
2014-02-10 16:00:00,6.317,5.888615000000001
2014-02-10 17:00:00,5.809,6.984714999999998
2014-02-10 18:00:00,8.523,7.807115000000001
2014-02-10 19:00:00,12.134,11.589239999999993
2014-02-10 20:00:00,8.645,10.952400000000003
2014-02-10 21:00:00,5.246,7.162025
2014-02-10 22:00:00,5.585,7.395060000000004
2014-02-10 23:00:00,9.659,8.077285000000007
2014-02-11 00:00:00,8.251,8.784210000000009
2014-02-11 01:00:00,10.347,8.965250000000005
2014-02-11 02:00:00,15.375,10.906614999999997
2014-02-11 03:00:00,17.603,13.748750000000003
2014-02-11 04:00:00,4.0,9.278875000000014
2014-02-11 05:00:00,4.0,6.240355000000003
2014-02-11 06:00:00,11.008,7.45376
2014-02-11 07:00:00,16.192,10.067914999999992
2014-02-11 08:00:00,9.167,12.714344999999998
2014-02-11 09:00:00,9.704,7.997544999999999
2014-02-11 10:00:00,5.24,7.939619999999994
2014-02-11 11:00:00,4.675,6.688729999999998
2014-02-11 12:00:00,13.975,9.013394999999996
2014-02-11 13:00:00,7.605,13.374555000000003
2014-02-11 14:00:00,6.142,13.11974999999999
2014-02-11 15:00:00,12.94,7.288679999999999
2014-02-11 16:00:00,7.735,9.975094999999998
2014-02-11 17:00:00,7.886,6.635419999999998
2014-02-11 18:00:00,8.193,9.205099999999996
2014-02-11 19:00:00,15.757,9.332075000000003
2014-02-11 20:00:00,19.733,12.767215000000004
2014-02-11 21:00:00,12.344,10.556594999999994
2014-02-11 22:00:00,7.347,7.071720000000007
2014-02-11 23:00:00,4.797,7.214604999999998
2014-02-12 00:00:00,11.433,7.497739999999996
2014-02-12 01:00:00,13.655,11.118809999999998
2014-02-12 02:00:00,12.715,11.232870000000002
2014-02-12 03:00:00,5.145,14.981954999999997
2014-02-12 04:00:00,4.0,6.360369999999998
2014-02-12 05:00:00,4.0,6.588455
2014-02-12 06:00:00,8.992,9.303014999999997
2014-02-12 07:00:00,21.5,11.452329999999995
2014-02-12 08:00:00,6.512,15.762135
2014-02-12 09:00:00,6.061,8.984535
2014-02-12 10:00:00,5.714,7.235105000000004
2014-02-12 11:00:00,4.0,6.839235000000002
2014-02-12 12:00:00,13.323,10.009294999999991
2014-02-12 13:00:00,7.884,9.596404999999992
2014-02-12 14:00:00,15.163,8.791445
2014-02-12 15:00:00,14.266,11.230925000000008
2014-02-12 16:00:00,10.964,11.65137
2014-02-12 17:00:00,4.959,8.618315000000004
2014-02-12 18:00:00,9.024,8.994160000000004
2014-02-12 19:00:00,17.833,12.357325000000003
2014-02-12 20:00:00,11.207,16.90436000000001
2014-02-12 21:00:00,7.296,10.738610000000001
2014-02-12 22:00:00,5.694,6.177294999999999
2014-02-12 23:00:00,7.669,6.6296800000000005
2014-02-13 00:00:00,4.201,9.931464999999998
2014-02-13 01:00:00,16.389,9.611869999999996
2014-02-13 02:00:00,7.302,14.918225000000014
2014-02-13 03:00:00,7.164,8.705564999999996
2014-02-13 04:00:00,4.133,8.117969999999996
2014-02-13 05:00:00,7.131,8.12021
2014-02-13 06:00:00,18.986,8.614995
2014-02-13 07:00:00,11.977,14.517605000000005
2014-02-13 08:00:00,9.737,9.219474999999996
2014-02-13 09:00:00,11.216,9.048035000000004
2014-02-13 10:00:00,4.0,6.500530000000002
2014-02-13 11:00:00,5.505,6.944970000000003
2014-02-13 12:00:00,4.0,9.025815000000003
2014-02-13 13:00:00,8.531,7.803160000000008
2014-02-13 14:00:00,16.131,11.763094999999996
2014-02-13 15:00:00,13.649,14.109304999999974
2014-02-13 16:00:00,10.604,11.151450000000004
2014-02-13 17:00:00,5.176,6.638955000000002
2014-02-13 18:00:00,12.182,7.861634999999999
2014-02-13 19:00:00,5.721,14.190600000000012
2014-02-13 20:00:00,13.406,10.04983999999999
2014-02-13 21:00:00,10.072,8.819809999999997
2014-02-13 22:00:00,6.98,6.978210000000005
2014-02-13 23:00:00,5.66,6.52771
2014-02-14 00:00:00,13.505,9.201279999999992
2014-02-14 01:00:00,18.226,17.578289999999992
2014-02-14 02:00:00,21.5,12.284140000000003
2014-02-14 03:00:00,12.155,13.155865000000004
2014-02-14 04:00:00,4.0,7.064430000000001
2014-02-14 05:00:00,5.98,7.634030000000003
2014-02-14 06:00:00,11.582,12.565225
2014-02-14 07:00:00,9.097,9.771524999999997
2014-02-14 08:00:00,7.947,8.756474999999996
2014-02-14 09:00:00,6.762,8.671355000000007
2014-02-14 10:00:00,4.394,5.87826
2014-02-14 11:00:00,11.808,8.296294999999994
2014-02-14 12:00:00,14.145,7.609349999999996
2014-02-14 13:00:00,10.881,10.895455
2014-02-14 14:00:00,9.453,12.660535
2014-02-14 15:00:00,9.281,11.736729999999996
2014-02-14 16:00:00,9.075,10.569245
2014-02-14 17:00:00,6.061,7.181715000000004
2014-02-14 18:00:00,4.0,11.289309999999995
2014-02-14 19:00:00,13.013,8.591620000000008
2014-02-14 20:00:00,12.856,15.009689999999999
2014-02-14 21:00:00,6.235,11.876309999999995
2014-02-14 22:00:00,7.508,8.012364999999996
2014-02-14 23:00:00,4.0,7.713099999999998
2014-02-15 00:00:00,7.158,12.405630000000004
2014-02-15 01:00:00,13.459,15.205014999999994
2014-02-15 02:00:00,13.393,16.82172500000001
2014-02-15 03:00:00,14.274,11.507200000000003
2014-02-15 04:00:00,8.193,9.879965000000006
2014-02-15 05:00:00,9.888,10.287699999999997
2014-02-15 06:00:00,9.402,9.941219999999992
2014-02-15 07:00:00,16.08,9.119379999999987
2014-02-15 08:00:00,6.246,13.556475000000004
2014-02-15 09:00:00,4.0,9.457069999999995
2014-02-15 10:00:00,4.444,8.131855000000009
2014-02-15 11:00:00,4.0,9.895029999999995
2014-02-15 12:00:00,5.037,12.324925000000006
2014-02-15 13:00:00,13.691,10.948474999999997
2014-02-15 14:00:00,9.6,11.757704999999996
2014-02-15 15:00:00,10.084,9.729024999999995
2014-02-15 16:00:00,5.191,8.939994999999996
2014-02-15 17:00:00,15.682,8.299750000000001
2014-02-15 18:00:00,10.709,9.06833000000001
2014-02-15 19:00:00,10.344,12.296650000000005
2014-02-15 20:00:00,11.69,10.686345000000008
2014-02-15 21:00:00,5.318,9.463535000000006
2014-02-15 22:00:00,9.182,7.379415000000005
2014-02-15 23:00:00,5.445,6.552030000000003
2014-02-16 00:00:00,13.976,9.331245000000004
2014-02-16 01:00:00,10.601,12.321655000000005
2014-02-16 02:00:00,8.173,11.660465000000004
2014-02-16 03:00:00,13.602,10.549940000000001
2014-02-16 04:00:00,6.145,9.366364999999995
2014-02-16 05:00:00,8.742,8.380655000000003
2014-02-16 06:00:00,10.538,8.377175000000001
2014-02-16 07:00:00,11.964,12.545399999999999
2014-02-16 08:00:00,16.087,9.373544999999996
2014-02-16 09:00:00,4.0,8.598450000000014
2014-02-16 10:00:00,7.426,7.530075000000004
2014-02-16 11:00:00,6.088,6.117780000000002
2014-02-16 12:00:00,12.099,6.363684999999993
2014-02-16 13:00:00,18.356,12.219239999999996
2014-02-16 14:00:00,16.673,14.131024999999996
2014-02-16 15:00:00,13.42,12.262764999999993
2014-02-16 16:00:00,5.581,6.401155000000004
2014-02-16 17:00:00,8.203,10.154879999999999
2014-02-16 18:00:00,9.25,9.222235
2014-02-16 19:00:00,12.354,9.912785000000001
2014-02-16 20:00:00,13.552,10.966300000000006
2014-02-16 21:00:00,13.301,6.7741750000000005
2014-02-16 22:00:00,4.789,8.771614999999997
2014-02-16 23:00:00,4.0,7.641280000000002
2014-02-17 00:00:00,9.17,9.509335000000002
2014-02-17 01:00:00,17.169,10.534270000000014
2014-02-17 02:00:00,14.596,13.175119999999998
2014-02-17 03:00:00,15.097,11.729840000000006
2014-02-17 04:00:00,4.259,9.130230000000001
2014-02-17 05:00:00,5.882,6.577004999999999
2014-02-17 06:00:00,10.294,9.071114999999999
2014-02-17 07:00:00,10.813,12.004704999999994
2014-02-17 08:00:00,16.695,12.42212
2014-02-17 09:00:00,8.805,8.749699999999999
2014-02-17 10:00:00,4.0,8.340915
2014-02-17 11:00:00,11.356,7.4773600000000116
2014-02-17 12:00:00,12.751,10.544699999999988
2014-02-17 13:00:00,9.338,15.877404999999985
2014-02-17 14:00:00,8.053,13.001619999999996
2014-02-17 15:00:00,8.628,11.472135000000002
2014-02-17 16:00:00,11.242,6.579709999999999
2014-02-17 17:00:00,5.762,9.569430000000004
2014-02-17 18:00:00,14.351,7.642515000000008
2014-02-17 19:00:00,10.486,13.106904999999992
2014-02-17 20:00:00,6.367,12.096294999999996
2014-02-17 21:00:00,6.12,9.812870000000006
2014-02-17 22:00:00,10.827,7.0638700000000005
2014-02-17 23:00:00,5.308,7.688705000000006
2014-02-18 00:00:00,5.709,8.529345000000001
2014-02-18 01:00:00,14.572,9.539584999999995
2014-02-18 02:00:00,12.936,11.310784999999996
2014-02-18 03:00:00,11.92,9.562715000000013
2014-02-18 04:00:00,5.473,7.281095000000006
2014-02-18 05:00:00,5.064,8.343570000000001
2014-02-18 06:00:00,8.132,9.022219999999995
2014-02-18 07:00:00,8.77,10.118115000000007
2014-02-18 08:00:00,15.287,12.541975000000006
2014-02-18 09:00:00,4.834,10.931464999999994
2014-02-18 10:00:00,8.443,5.988595
2014-02-18 11:00:00,4.766,9.687389999999995
2014-02-18 12:00:00,7.576,10.413120000000001
2014-02-18 13:00:00,8.319,9.586915
2014-02-18 14:00:00,17.259,9.328354999999998
2014-02-18 15:00:00,8.877,12.407849999999994
2014-02-18 16:00:00,6.379,10.332270000000001
2014-02-18 17:00:00,11.168,6.870975
2014-02-18 18:00:00,8.725,13.038334999999995
2014-02-18 19:00:00,6.381,10.105320000000008
2014-02-18 20:00:00,13.438,11.601255000000007
2014-02-18 21:00:00,12.237,11.014804999999999
2014-02-18 22:00:00,5.321,10.620034999999994
2014-02-18 23:00:00,5.31,7.835144999999998
2014-02-19 00:00:00,16.403,7.444615000000004
2014-02-19 01:00:00,5.745,13.487485000000003
2014-02-19 02:00:00,10.096,10.104109999999999
2014-02-19 03:00:00,11.298,10.584030000000002
2014-02-19 04:00:00,4.0,6.438874999999997
2014-02-19 05:00:00,14.297,5.956794999999996
2014-02-19 06:00:00,10.248,11.432809999999996
2014-02-19 07:00:00,12.95,12.245864999999997
2014-02-19 08:00:00,17.489,10.935950000000005
2014-02-19 09:00:00,8.933,9.675755000000002
2014-02-19 10:00:00,5.285,8.519689999999995
2014-02-19 11:00:00,4.0,6.594824999999998
2014-02-19 12:00:00,10.027,8.801755
2014-02-19 13:00:00,13.74,9.56118
2014-02-19 14:00:00,12.988,18.37558500000001
2014-02-19 15:00:00,12.639,10.52924
2014-02-19 16:00:00,5.259,8.700380000000008
2014-02-19 17:00:00,5.373,11.182929999999994
2014-02-19 18:00:00,15.218,8.515300000000005
2014-02-19 19:00:00,14.114,10.712885000000005
2014-02-19 20:00:00,13.212,12.251110000000008
2014-02-19 21:00:00,8.716,9.84759
2014-02-19 22:00:00,5.226,8.503240000000003
2014-02-19 23:00:00,10.287,8.505275
2014-02-20 00:00:00,15.33,16.163614999999997
2014-02-20 01:00:00,17.049,11.663330000000004
2014-02-20 02:00:00,10.501,15.877239999999986
2014-02-20 03:00:00,9.394,9.471319999999999
2014-02-20 04:00:00,4.0,7.427444999999994
2014-02-20 05:00:00,5.51,10.788415000000002
2014-02-20 06:00:00,6.971,9.047119999999996
2014-02-20 07:00:00,17.167,13.0338
2014-02-20 08:00:00,7.398,16.27205
2014-02-20 09:00:00,12.155,9.253995000000002
2014-02-20 10:00:00,4.057,9.138810000000008
2014-02-20 11:00:00,10.396,6.849575000000004
2014-02-20 12:00:00,13.649,10.060704999999999
2014-02-20 13:00:00,17.597,15.094384999999994
2014-02-20 14:00:00,7.847,13.661415000000003
2014-02-20 15:00:00,11.269,10.51786499999999
2014-02-20 16:00:00,4.0,8.096670000000007
2014-02-20 17:00:00,7.339,7.21429
2014-02-20 18:00:00,6.782,12.03337999999999
2014-02-20 19:00:00,9.333,11.576464999999999
2014-02-20 20:00:00,15.129,10.406490000000002
2014-02-20 21:00:00,5.897,11.617564999999999
2014-02-20 22:00:00,7.967,6.9135800000000085
2014-02-20 23:00:00,7.015,7.57135
2014-02-21 00:00:00,7.916,10.084509999999996
2014-02-21 01:00:00,10.411,14.821704999999998
2014-02-21 02:00:00,11.704,10.094289999999997
2014-02-21 03:00:00,6.951,8.245509999999992
2014-02-21 04:00:00,11.125,6.691855000000004
2014-02-21 05:00:00,6.742,7.047675000000001
2014-02-21 06:00:00,7.508,9.02165
2014-02-21 07:00:00,16.937,14.000655000000005
2014-02-21 08:00:00,8.066,13.631130000000011
2014-02-21 09:00:00,6.439,8.785735000000006
2014-02-21 10:00:00,6.746,7.250724999999997
2014-02-21 11:00:00,9.068,10.541554999999995
2014-02-21 12:00:00,5.674,11.813760000000002
2014-02-21 13:00:00,13.707,13.734524999999996
2014-02-21 14:00:00,21.5,10.172134999999999
2014-02-21 15:00:00,5.407,14.25227499999999
2014-02-21 16:00:00,5.348,6.232825000000002
2014-02-21 17:00:00,11.479,8.480225000000004
2014-02-21 18:00:00,7.727,11.285684999999996
2014-02-21 19:00:00,14.069,9.856964999999992
2014-02-21 20:00:00,12.092,14.502884999999994
2014-02-21 21:00:00,7.502,9.366965000000008
2014-02-21 22:00:00,5.799,5.606424999999999
2014-02-21 23:00:00,5.953,5.785884999999995
2014-02-22 00:00:00,4.298,8.700245000000002
2014-02-22 01:00:00,16.933,9.519224999999995
2014-02-22 02:00:00,7.681,15.546865000000002
2014-02-22 03:00:00,5.362,9.379289999999996
2014-02-22 04:00:00,6.06,9.997699999999996
2014-02-22 05:00:00,4.0,8.759739999999999
2014-02-22 06:00:00,13.381,8.321384999999994
2014-02-22 07:00:00,14.58,14.935950000000007
2014-02-22 08:00:00,12.934,12.015080000000005
2014-02-22 09:00:00,10.269,9.182689999999997
2014-02-22 10:00:00,11.285,8.850739999999996
2014-02-22 11:00:00,4.0,7.702185000000001
2014-02-22 12:00:00,7.976,8.011440000000004
2014-02-22 13:00:00,14.159,12.109350000000008
2014-02-22 14:00:00,8.167,16.693285000000003
2014-02-22 15:00:00,12.552,7.420954999999995
2014-02-22 16:00:00,13.659,8.085950000000004
2014-02-22 17:00:00,5.231,10.678845
2014-02-22 18:00:00,9.021,8.619470000000003
2014-02-22 19:00:00,7.699,12.097399999999993
2014-02-22 20:00:00,15.719,9.267645000000005
2014-02-22 21:00:00,4.0,11.271425000000004
2014-02-22 22:00:00,7.335,6.8902
2014-02-22 23:00:00,6.854,8.66841
2014-02-23 00:00:00,4.847,8.948475000000002
2014-02-23 01:00:00,14.753,11.388679999999997
2014-02-23 02:00:00,10.989,13.588589999999986
2014-02-23 03:00:00,12.47,8.329825000000014
2014-02-23 04:00:00,8.798,9.398779999999993
2014-02-23 05:00:00,5.78,6.20043
2014-02-23 06:00:00,5.65,10.855485000000003
2014-02-23 07:00:00,9.626,10.87336
2014-02-23 08:00:00,9.689,12.444369999999997
2014-02-23 09:00:00,8.163,10.228910000000003
2014-02-23 10:00:00,9.469,8.844079999999988
2014-02-23 11:00:00,6.655,6.584305000000006
2014-02-23 12:00:00,14.4,9.44132
2014-02-23 13:00:00,9.013,15.05384499999999
2014-02-23 14:00:00,11.867,10.195100000000002
2014-02-23 15:00:00,4.555,11.07468
2014-02-23 16:00:00,5.654,10.922604999999999
2014-02-23 17:00:00,4.0,7.334695000000007
2014-02-23 18:00:00,7.983,8.573170000000005
2014-02-23 19:00:00,15.025,9.621480000000012
2014-02-23 20:00:00,5.003,18.830920000000006
2014-02-23 21:00:00,5.538,6.570115
2014-02-23 22:00:00,8.262,7.674205000000001
2014-02-23 23:00:00,11.657,7.216429999999994
2014-02-24 00:00:00,12.58,7.618215000000009
2014-02-24 01:00:00,9.926,13.062050000000006
2014-02-24 02:00:00,17.072,11.466425
2014-02-24 03:00:00,7.095,13.358540000000005
2014-02-24 04:00:00,5.513,8.484950000000005
2014-02-24 05:00:00,5.204,8.323159999999998
2014-02-24 06:00:00,10.239,8.316335000000002
2014-02-24 07:00:00,10.337,10.697629999999995
2014-02-24 08:00:00,12.037,11.398359999999995
2014-02-24 09:00:00,8.202,9.599315000000002
2014-02-24 10:00:00,6.783,7.353310000000007
2014-02-24 11:00:00,6.615,10.096465000000002
2014-02-24 12:00:00,8.175,13.375265000000006
2014-02-24 13:00:00,6.756,9.32507
2014-02-24 14:00:00,9.861,10.25104999999999
2014-02-24 15:00:00,12.141,7.950039999999999
2014-02-24 16:00:00,5.715,6.700580000000005
2014-02-24 17:00:00,4.0,5.649700000000003
2014-02-24 18:00:00,9.69,8.261410000000005
2014-02-24 19:00:00,14.795,14.017045000000001
2014-02-24 20:00:00,5.483,8.999630000000002
2014-02-24 21:00:00,11.15,7.685935000000003
2014-02-24 22:00:00,12.6,11.63988500000001
2014-02-24 23:00:00,4.0,11.187355000000007
2014-02-25 00:00:00,13.942,11.104699999999998
2014-02-25 01:00:00,15.891,13.397775000000001
2014-02-25 02:00:00,12.634,16.3139
2014-02-25 03:00:00,6.908,9.890814999999991
2014-02-25 04:00:00,5.025,7.801779999999999
2014-02-25 05:00:00,4.0,6.852249999999999
2014-02-25 06:00:00,11.41,8.749095
2014-02-25 07:00:00,5.337,12.538229999999997
2014-02-25 08:00:00,10.479,9.572784999999996
2014-02-25 09:00:00,16.681,9.229090000000005
2014-02-25 10:00:00,5.276,11.258410000000005
2014-02-25 11:00:00,6.406,8.031519999999999
2014-02-25 12:00:00,16.72,8.037100000000006
2014-02-25 13:00:00,11.106,10.594950000000013
2014-02-25 14:00:00,17.22,9.997484999999998
2014-02-25 15:00:00,12.264,11.15797
2014-02-25 16:00:00,5.625,7.404270000000004
2014-02-25 17:00:00,4.0,6.123700000000002
2014-02-25 18:00:00,5.507,7.952940000000008
2014-02-25 19:00:00,15.603,10.746364999999999
2014-02-25 20:00:00,6.82,9.52053000000001
2014-02-25 21:00:00,10.259,10.355065000000002
2014-02-25 22:00:00,4.0,9.608944999999999
2014-02-25 23:00:00,14.358,5.568315000000002
2014-02-26 00:00:00,8.241,11.414640000000002
2014-02-26 01:00:00,10.587,10.727669999999998
2014-02-26 02:00:00,15.662,12.019794999999998
2014-02-26 03:00:00,12.356,10.080845000000005
2014-02-26 04:00:00,5.737,6.938850000000005
2014-02-26 05:00:00,4.0,5.894674999999999
2014-02-26 06:00:00,5.604,8.49459499999999
2014-02-26 07:00:00,20.931,7.243179999999999
2014-02-26 08:00:00,13.638,14.261580000000013
2014-02-26 09:00:00,4.965,14.884945
2014-02-26 10:00:00,4.0,8.134825000000005
2014-02-26 11:00:00,11.497,7.597200000000006
2014-02-26 12:00:00,5.178,12.695860000000009
2014-02-26 13:00:00,9.944,11.544685
2014-02-26 14:00:00,5.769,13.518355000000001
2014-02-26 15:00:00,7.226,10.909885000000004
2014-02-26 16:00:00,5.023,6.9199
2014-02-26 17:00:00,5.254,5.295785000000003
2014-02-26 18:00:00,10.985,7.378470000000002
2014-02-26 19:00:00,7.457,13.245245000000006
2014-02-26 20:00:00,18.07,10.346375000000005
2014-02-26 21:00:00,7.019,14.400994999999993
2014-02-26 22:00:00,4.0,5.775685000000002
2014-02-26 23:00:00,4.0,8.839719999999998
2014-02-27 00:00:00,11.303,7.997570000000004
2014-02-27 01:00:00,12.3,11.685945000000006
2014-02-27 02:00:00,8.209,11.532895000000002
2014-02-27 03:00:00,5.015,9.505094999999997
2014-02-27 04:00:00,13.634,7.561610000000004
2014-02-27 05:00:00,5.628,6.944195000000005
2014-02-27 06:00:00,7.46,8.160539999999992
2014-02-27 07:00:00,15.76,14.906135000000006
2014-02-27 08:00:00,10.117,12.646970000000001
2014-02-27 09:00:00,10.018,8.558170000000008
2014-02-27 10:00:00,5.229,6.234875000000001
2014-02-27 11:00:00,6.782,9.768469999999994
2014-02-27 12:00:00,7.313,7.465710000000002
2014-02-27 13:00:00,15.213,9.093205
2014-02-27 14:00:00,14.852,9.952860000000005
2014-02-27 15:00:00,9.007,12.83115000000001
2014-02-27 16:00:00,4.0,5.857584999999998
2014-02-27 17:00:00,11.488,6.430570000000002
2014-02-27 18:00:00,11.71,12.144530000000001
2014-02-27 19:00:00,12.795,9.714894999999997
2014-02-27 20:00:00,10.688,14.367454999999996
2014-02-27 21:00:00,5.131,8.093444999999994
2014-02-27 22:00:00,4.0,6.434175000000006
2014-02-27 23:00:00,4.0,6.273150000000005
2014-02-28 00:00:00,11.631,8.731914999999988
2014-02-28 01:00:00,7.398,11.13185
2014-02-28 02:00:00,9.408,10.560955000000005
2014-02-28 03:00:00,7.621,7.2526150000000005
2014-02-28 04:00:00,4.0,9.514590000000005
2014-02-28 05:00:00,4.05,7.724445
2014-02-28 06:00:00,5.448,7.405769999999995
2014-02-28 07:00:00,10.752,7.898305000000001
2014-02-28 08:00:00,4.976,10.635015000000001
2014-02-28 09:00:00,6.681,8.349890000000002
2014-02-28 10:00:00,5.437,7.150390000000005
2014-02-28 11:00:00,13.059,8.236105000000004
2014-02-28 12:00:00,7.825,8.730735000000003
2014-02-28 13:00:00,8.864,11.68348
2014-02-28 14:00:00,13.496,11.078619999999992
2014-02-28 15:00:00,12.396,10.581689999999998
2014-02-28 16:00:00,10.803,6.3608000000000064
2014-02-28 17:00:00,13.598,8.811639999999995
2014-02-28 18:00:00,8.052,9.462755000000003
2014-02-28 19:00:00,14.649,10.333140000000004
2014-02-28 20:00:00,9.597,12.319265000000007
2014-02-28 21:00:00,5.93,7.169475
2014-02-28 22:00:00,9.671,6.472754999999994
2014-02-28 23:00:00,13.345,6.546710000000005
